code,name,lat,long,tambon,amphoe,province,basin,sub_basin
ABRT,วัดเวฬุวัน,16.054735,103.66431,เหนือเมือง,เมืองร้อยเอ็ด,ร้อยเอ็ด,ชี,ลำน้ำชีส่วนที่ 4/2
ACRU,ทต.ไก่คำ,15.788054,104.642235,ไก่คำ,เมืองอำนาจเจริญ,อำนาจเจริญ,มูล,ลำเซบก
ATG011,ปตร.พลเทพ,15.21593,100.07282,หาดท่าเสา,เมืองชัยนาท,ชัยนาท,เจ้าพระยา,ที่ราบแม่น้ำเจ้าพระยา
ATG021,เหนือ ปตร.มโนรมย์,15.330455,100.103325,วัดโคก,มโนรมย์,ชัยนาท,เจ้าพระยา,ที่ราบแม่น้ำเจ้าพระยา
ATG031,เหนือปตร.บรมธาตุ,15.158136,100.15353,ชัยนาท,เมืองชัยนาท,ชัยนาท,เจ้าพระยา,ที่ราบแม่น้ำเจ้าพระยา
ATG032,ท้ายปตร.บรมธาตุ,15.157781,100.152824,ชัยนาท,เมืองชัยนาท,ชัยนาท,เจ้าพระยา,ที่ราบแม่น้ำเจ้าพระยา
ATG042,ท้ายปตร.มะขามเฒ่า-อู่ทอง,15.222314,100.06234,มะขามเฒ่า,วัดสิงห์,ชัยนาท,ท่าจีน,ที่ราบแม่น้ำท่าจีน
ATG051,เหนือปตร.พระนารายน์,14.558294,100.76207,ท่าหลวง,ท่าเรือ,พระนครศรีอยุธยา,ป่าสัก,แม่น้ำป่าสักตอนล่างส่วนที่ 2
ATG052,ท้ายปตร.พระนารายน์,14.556708,100.762,ท่าหลวง,ท่าเรือ,พระนครศรีอยุธยา,ป่าสัก,แม่น้ำป่าสักตอนล่างส่วนที่ 2
ATG072,ท้ายปตร.พระศรีศิลป์,14.327325,100.87116,หนองแค,หนองแค,สระบุรี,เจ้าพระยา,ที่ราบแม่น้ำเจ้าพระยา
ATG081,เหนือปตร.พระธรรมราชา,14.077689,100.89208,บึงน้ำรักษ์,ธัญบุรี,ปทุมธานี,เจ้าพระยา,ที่ราบแม่น้ำเจ้าพระยา
ATG082,ท้ายปตร.พระธรรมราชา,14.076354,100.893906,บึงน้ำรักษ์,ธัญบุรี,ปทุมธานี,เจ้าพระยา,ที่ราบแม่น้ำเจ้าพระยา
ATG091,เหนือปตร.พระอินทราชา,14.144052,100.62136,วังน้อย,วังน้อย,พระนครศรีอยุธยา,เจ้าพระยา,ที่ราบแม่น้ำเจ้าพระยา
ATG092,ท้ายปตร.พระอินทราชา,14.143729,100.620766,พยอม,วังน้อย,พระนครศรีอยุธยา,เจ้าพระยา,ที่ราบแม่น้ำเจ้าพระยา
ATG101,ปตร.จุฬาลงกรณ์,13.981354,100.60567,ประชาธิปัตย์,ธัญบุรี,ปทุมธานี,เจ้าพระยา,ที่ราบแม่น้ำเจ้าพระยา
ATG111,เหนือปตร.มหาราช,15.15893,100.17328,บ้านกล้วย,เมืองชัยนาท,ชัยนาท,เจ้าพระยา,ที่ราบแม่น้ำเจ้าพระยา
ATG112,ท้ายปตร.มหาราช,15.1614685,100.17264,บ้านกล้วย,เมืองชัยนาท,ชัยนาท,เจ้าพระยา,ที่ราบแม่น้ำเจ้าพระยา
ATG121,เหนือปตร.ท่าโบสถ์,15.054189,100.01159,สามง่ามท่าโบสถ์,หันคา,ชัยนาท,ท่าจีน,ที่ราบแม่น้ำท่าจีน
ATG122,ท้ายปตร.ท่าโบสถ์,15.053487,100.011795,สามง่ามท่าโบสถ์,หันคา,ชัยนาท,ท่าจีน,ที่ราบแม่น้ำท่าจีน
ATG131,เหนือปตร.ชลมาร์คพิจารณ์,14.77117,100.08841,สามชุก,สามชุก,สุพรรณบุรี,ท่าจีน,ที่ราบแม่น้ำท่าจีน
ATG132,ท้ายปตร.ชลมาร์คพิจารณ์,14.770598,100.08824,สามชุก,สามชุก,สุพรรณบุรี,ท่าจีน,ที่ราบแม่น้ำท่าจีน
ATG141,เหนือปตร.โพธิ์พระยา,14.532452,100.122246,โพธิ์พระยา,เมืองสุพรรณบุรี,สุพรรณบุรี,ท่าจีน,ที่ราบแม่น้ำท่าจีน
ATG142,ท้ายปตร.โพธิ์พระยา,14.531798,100.12244,โพธิ์พระยา,เมืองสุพรรณบุรี,สุพรรณบุรี,ท่าจีน,ที่ราบแม่น้ำท่าจีน
ATG151,เหนือปตร.บางระจัน,14.925949,100.275826,เชิงกลัด,บางระจัน,สิงห์บุรี,เจ้าพระยา,ที่ราบแม่น้ำเจ้าพระยา
ATG152,ท้ายปตร.บางระจัน,14.925208,100.2759,เชิงกลัด,บางระจัน,สิงห์บุรี,เจ้าพระยา,ที่ราบแม่น้ำเจ้าพระยา
ATG161,เหนือปตร.ยางมณี,14.75102,100.41464,พิกุลทอง,ท่าช้าง,สิงห์บุรี,เจ้าพระยา,ที่ราบแม่น้ำเจ้าพระยา
ATG162,ท้ายปตร.ยางมณี,14.750365,100.41499,พิกุลทอง,ท่าช้าง,สิงห์บุรี,เจ้าพระยา,ที่ราบแม่น้ำเจ้าพระยา
ATG171,เหนือปตร.ผักไห่-เจ้าเจ็ด,14.436465,100.375626,บ้านใหญ่,ผักไห่,พระนครศรีอยุธยา,เจ้าพระยา,ที่ราบแม่น้ำเจ้าพระยา
ATG181,เหนือปตร.ช่องแค,15.14621,100.413,พรหมนิมิต,ตาคลี,นครสวรรค์,เจ้าพระยา,ที่ราบแม่น้ำเจ้าพระยา
ATG182,ท้ายปตร.ช่องแค,15.145541,100.41324,พรหมนิมิต,ตาคลี,นครสวรรค์,เจ้าพระยา,ที่ราบแม่น้ำเจ้าพระยา
BAKI,ทต.โคกสี,17.61603,103.427,โคกสี,สว่างแดนดิน,สกลนคร,โขงตะวันออกเฉียงเหนือ,แม่น้ำสงครามตอนบน
BARI,ศูนย์อปพร. อบต.บ้านไร่,15.082674,99.51936,บ้านไร่,บ้านไร่,อุทัยธานี,ท่าจีน,ห้วยกระเสียว
BBHN,อบต.บางหิน,9.536913,98.57948,บางหิน,กะเปอร์,ระนอง,ภาคใต้ฝั่งตะวันตก,ภาคใต้ฝั่งตะวันตกตอนบน
BBON,อบต.แจ้ซ้อน,18.816986,99.50003,แจ้ซ้อน,เมืองปาน,ลำปาง,วัง,แม่น้ำสวย
BBUA,ทต.บัวสว่าง,17.372969,103.984375,สว่าง,พรรณานิคม,สกลนคร,โขงตะวันออกเฉียงเหนือ,ห้วยน้ำอูน
BBWN,อบต.บางวัน,9.085675,98.44337,บางวัน,คุระบุรี,พังงา,ภาคใต้ฝั่งตะวันตก,ภาคใต้ฝั่งตะวันตกตอนบน
BCNG,อบต.บ้านยา,17.386854,103.29087,บ้านยา,หนองหาน,อุดรธานี,โขงตะวันออกเฉียงเหนือ,แม่น้ำสงครามตอนบน
BDAR,ทต.ดอนอะราง,14.587002,102.49561,ดอนอะราง,หนองกี่,บุรีรัมย์,มูล,ลำปลายมาศ
BDCP,อบต.ด่านชุมพล,12.444731,102.630066,ด่านชุมพล,บ่อไร่,ตราด,ชายฝั่งทะเลตะวันออก,แม่น้ำเมืองตราด
BDGN,ทม.บ้านดุง,17.704493,103.26375,ศรีสุทโธ,บ้านดุง,อุดรธานี,โขงตะวันออกเฉียงเหนือ,แม่น้ำสงครามตอนบน
BDLH,ทต.ลานหอย,17.008568,99.58295,ลานหอย,บ้านด่านลานหอย,สุโขทัย,ยม,น้ำแม่รำพัน
BDMG,อบต.กุมภวาปี,17.076815,103.02153,กุมภวาปี,กุมภวาปี,อุดรธานี,ชี,ลำปาวตอนบน
BDWN,อบต.ดอนหว่าน,16.008186,103.31903,ดอนหว่าน,เมืองมหาสารคาม,มหาสารคาม,ชี,ลำน้ำชีส่วนที่ 4/1
BGBO,ทต.เกาะช้าง,12.103389,102.352,เกาะช้าง,เกาะช้าง,ตราด,ภาคใต้ฝั่งตะวันออกตอนบน,ภาคใต้ฝั่งตะวันออกตอนบนส่วนที่ 1
BGRT,ทต.กงรถ,15.013624,102.7486,กงรถ,ห้วยแถลง,นครราชสีมา,มูล,ลำปลายมาศ
BGYN,อบต.บางใหญ่,10.306386,98.770744,บางใหญ่,กระบุรี,ระนอง,ภาคใต้ฝั่งตะวันตก,แม่น้ำกระบุรี ( ลุ่มน้ำสาขา )
BHMN,อบต.ห้วยมุ่น,17.809134,100.93943,ห้วยมุ่น,น้ำปาด,อุตรดิตถ์,น่าน,น้ำปาด
BHPK,วัดบ้านน้ำเย็น,14.615429,104.64976,เมือง,กันทรลักษ์,ศรีสะเกษ,มูล,ห้วยขยุงส่วนที่ 1
BHRA,อบต.ขี้เหล็ก,15.342338,104.82157,ขี้เหล็ก,เมืองอุบลราชธานี,อุบลราชธานี,มูล,ลำน้ำมูลส่วนที่ 3/5
BHUN,อบต.นาหินลาด,14.207245,101.35063,นาหินลาด,ปากพลี,นครนายก,บางปะกง,แม่น้ำปราจีนบุรีตอนล่าง
BJAN,อบต.บ้านจารย์,14.566499,103.742775,บ้านจารย์,สังขะ,สุรินทร์,มูล,ห้วยทับทัน
BJIG,อบต.บ้านเจียง,16.018774,101.50009,บ้านเจียง,ภักดีชุมพล,ชัยภูมิ,ชี,ลำน้ำชีตอนบนส่วนที่ 2
BKC001,สวนศรีนครเขื่อนขันธ์,13.69554,100.56311,บางกะเจ้า,พระประแดง,สมุทรปราการ,เจ้าพระยา,ที่ราบแม่น้ำเจ้าพระยา
BKC002,ปตร.วัดบางกระเจ้านอก,13.689589,100.55495,บางกะเจ้า,พระประแดง,สมุทรปราการ,เจ้าพระยา,ที่ราบแม่น้ำเจ้าพระยา
BKC003,ปตร. คลองลัดบางยอ 1,13.676202,100.553085,บางยอ,พระประแดง,สมุทรปราการ,เจ้าพระยา,ที่ราบแม่น้ำเจ้าพระยา
BKC004,ปตร. คลองลัดบางยอ 2,13.661021,100.56727,บางกระสอบ,พระประแดง,สมุทรปราการ,เจ้าพระยา,ที่ราบแม่น้ำเจ้าพระยา
BKC005,ปตร. คลองตาสด,13.664818,100.571236,บางกระสอบ,พระประแดง,สมุทรปราการ,เจ้าพระยา,ที่ราบแม่น้ำเจ้าพระยา
BKC006,ปตร. คลองบางน้ำผึ้ง,13.676575,100.58207,บางน้ำผึ้ง,พระประแดง,สมุทรปราการ,เจ้าพระยา,ที่ราบแม่น้ำเจ้าพระยา
BKC007,ปตร. คลองแพ,13.69498,100.58224,บางกอบัว,พระประแดง,สมุทรปราการ,เจ้าพระยา,ที่ราบแม่น้ำเจ้าพระยา
BKC008,ตลาดน้ำบางน้ำผึ้ง,13.678655,100.57363,บางน้ำผึ้ง,พระประแดง,สมุทรปราการ,เจ้าพระยา,ที่ราบแม่น้ำเจ้าพระยา
BKDN,อบต.เขาทอง,15.5707245,100.183205,เขาทอง,พยุหะคีรี,นครสวรรค์,เจ้าพระยา,ที่ราบแม่น้ำเจ้าพระยา
BKHI,ทต.บ้านค่ายหมื่นแผ้ว,15.698946,102.01483,บ้านค่าย,เมืองชัยภูมิ,ชัยภูมิ,ชี,ลำน้ำชีส่วนที่ 2/2
BKHL,ทต.บึงโขงหลง,17.968061,104.04947,บึงโขงหลง,บึงโขงหลง,บึงกาฬ,โขงตะวันออกเฉียงเหนือ,แม่น้ำสงครามตอนล่างส่วนที่ 4
BKHN,อบต.บ้านลำนาว,8.029206,99.47583,บ้านลำนาว,บางขัน,นครศรีธรรมราช,ภาคใต้ฝั่งตะวันตก,แม่น้ำตรัง
BKK016,ปากคลองพระองค์เจ้าฯ (บางน้ำเปรี้ยว),13.838216,100.96656,บางน้ำเปรี้ยว,บางน้ำเปรี้ยว,ฉะเชิงเทรา,บางปะกง,ที่ราบแม่น้ำบางปะกงส่วนที่ 2
BKUG,อบต.ตะคุ,14.729262,101.98731,ตะคุ,ปักธงชัย,นครราชสีมา,มูล,ลำพระเพลิง
BKWN,อบต.บางขวัญ,13.749849,101.07749,บางขวัญ,เมืองฉะเชิงเทรา,ฉะเชิงเทรา,บางปะกง,ที่ราบแม่น้ำบางปะกงส่วนที่ 2
BLKO,ทต.ท่าพริกเนินทราย,12.255128,102.558205,เนินทราย,เมืองตราด,ตราด,ชายฝั่งทะเลตะวันออก,แม่น้ำเมืองตราด
BLNG,อบต.บ้านแลง,12.700195,101.33472,บ้านแลง,เมืองระยอง,ระยอง,ชายฝั่งทะเลตะวันออก,คลองใหญ่
BLUG,สนามกีฬา อบต.ป่าคาหลวง,18.852882,100.43497,ป่าคาหลวง,บ้านหลวง,น่าน,ยม,น้ำปี้
BMDG,อบต.นากะชะ,8.426952,99.445885,นากะชะ,ฉวาง,นครศรีธรรมราช,ภาคใต้ฝั่งตะวันออกตอนบน,แม่น้ำตาปีตอนบนส่วนที่ 2
BMKN,ทต.สันติสุข,18.529,98.82106,สันติสุข,ดอยหล่อ,เชียงใหม่,ปิง,แม่น้ำปิงส่วนที่ 2/4
BMKO,อบต.ไม้ขาว,8.181979,98.29885,ไม้ขาว,ถลาง,ภูเก็ต,ภาคใต้ฝั่งตะวันตก,เกาะภูเก็ต
BMNK,เทศบาลตำบลหอไกร,16.05015,100.37379,หอไกร,บางมูลนาก,พิจิตร,น่าน,แม่น้ำน่านตอนล่างส่วนที่ 2
BMOD,เทศบาลตำบลเหนือ,16.425245,103.559715,เหนือ,เมืองกาฬสินธุ์,กาฬสินธุ์,ชี,ลำปาวตอนล่าง
BNAK,อบต.บ้านแมด,14.854486,105.32193,บ้านแมด,บุณฑริก,อุบลราชธานี,มูล,ลำโดมน้อย
BNAN,อบต.บ้านกิ่ว,18.086967,99.50411,บ้านกิ่ว,แม่ทะ,ลำปาง,วัง,น้ำแม่จาง
BNGR,อบต.หนองไร่,13.001913,101.356445,หนองไร่,ปลวกแดง,ระยอง,ชายฝั่งทะเลตะวันออก,คลองใหญ่
BNHG,ทต.บ้านโฮ่ง,18.335333,98.818275,บ้านโฮ่ง,บ้านโฮ่ง,ลำพูน,ปิง,น้ำแม่ลี้
BNHI,อบต.นาคำไฮ,17.261873,102.338135,นาคำไฮ,เมืองหนองบัวลำภู,หนองบัวลำภู,ชี,ลำพะเนียง
BNHO,อบต.โพธิ์ทอง,16.127306,104.11497,โพธิ์ทอง,เสลภูมิ,ร้อยเอ็ด,ชี,ลำน้ำยัง
BNKE,อบต.พุ่มแก,16.90883,104.61869,พุ่มแก,นาแก,นครพนม,โขงตะวันออกเฉียงเหนือ,ห้วยน้ำก่ำ
BNKK,ทต.บ้านโคก,18.021082,101.06479,บ้านโคก,บ้านโคก,อุตรดิตถ์,น่าน,น้ำปาด
BNKN,ทต.พลิ้ว,12.499999,102.147545,พลิ้ว,แหลมสิงห์,จันทบุรี,ชายฝั่งทะเลตะวันออก,แม่น้ำจันทบุรี
BNKP,อบต.หนองกง,14.694605,102.888275,หนองกง,นางรอง,บุรีรัมย์,มูล,ลำปะเทีย
BNLG,อบต.ขะยูง,15.121924,104.2414,ขะยูง,อุทุมพรพิสัย,ศรีสะเกษ,มูล,ห้วยสำราญ
BNMK,อบต.สวาท,16.18973,104.51632,สวาท,เลิงนกทา,ยโสธร,มูล,ลำเซบายส่วนที่ 1
BNPI,อบต.บ้านไผ่,16.116594,102.70675,ในเมือง,บ้านไผ่,ขอนแก่น,ชี,ลำน้ำชีส่วนที่ 3
BNPU,เทศบาลตำบลบ้านผือ,17.686718,102.47648,บ้านผือ,บ้านผือ,อุดรธานี,โขงตะวันออกเฉียงเหนือ,น้ำโมง
BNTK,อบต.ตากออก,17.060282,99.064995,ตากออก,บ้านตาก,ตาก,ปิง,แม่น้ำปิงส่วนที่ 4/2
BNYM,อบต.นายม,15.861906,104.51559,นายม,เมืองอำนาจเจริญ,อำนาจเจริญ,มูล,ลำเซบายส่วนที่ 1
BOKA,ทต.บ่อเกลือใต้,19.079866,101.15381,บ่อเกลือใต้,บ่อเกลือ,น่าน,น่าน,น้ำว้า
BOP1,อบต.บ่อพลอย,14.304474,99.50887,บ่อพลอย,บ่อพลอย,กาญจนบุรี,แม่กลอง,ห้วยตะเพิน
BPIA,อบต.ท่าสะอาด,17.49028,101.93206,ท่าสะอาด,นาด้วง,เลย,โขงตะวันออกเฉียงเหนือ,ห้วยน้ำปวน
BPK001,บางปะกง,13.548936,101.00113,ท่าสะอ้าน,บางปะกง,ฉะเชิงเทรา,บางปะกง,ที่ราบแม่น้ำบางปะกงส่วนที่ 2
BPK003,บางน้ำเปรี้ยว,13.870361,101.14573,บางขนาก,บางน้ำเปรี้ยว,ฉะเชิงเทรา,บางปะกง,ที่ราบแม่น้ำบางปะกงส่วนที่ 1
BPK004,พนมสารคาม,13.726594,101.35296,เกาะขนุน,พนมสารคาม,ฉะเชิงเทรา,บางปะกง,คลองท่าลาด
BPLA,อบต.เขาไชยราช,10.944335,99.29763,เขาไชยราช,ปะทิว,ชุมพร,ภาคใต้ฝั่งตะวันออกตอนบน,คลองท่าตะเภา ( ลุ่มน้ำสาขา )
BPPS,อบต.บางตาหงาย,15.937154,99.99175,บางตาหงาย,บรรพตพิสัย,นครสวรรค์,ปิง,แม่น้ำปิงตอนล่าง
BPTG,อบต.หินดาด,14.615061,98.72973,หินดาด,ทองผาภูมิ,กาญจนบุรี,แม่กลอง,แม่น้ำแควน้อยตอนบนส่วนที่ 2
BPUG,อบต.บ้านผึ้ง,17.351482,104.620384,บ้านผึ้ง,เมืองนครพนม,นครพนม,โขงตะวันออกเฉียงเหนือ,แม่น้ำโขงส่วนที่ 8
BPUN,ทต.ศรีสงคราม,17.627,104.261406,ศรีสงคราม,ศรีสงคราม,นครพนม,โขงตะวันออกเฉียงเหนือ,แม่น้ำสงครามตอนล่างส่วนที่ 4
BRKM,ทต.บางระกำเมืองใหม่,16.748943,100.09028,บางระกำ,บางระกำ,พิษณุโลก,ยม,แม่น้ำยมตอนล่างส่วนที่ 4
BSBA,อบต.ควนสุบรรณ,8.881527,99.38226,ลำพูน,บ้านนาสาร,สุราษฎร์ธานี,ภาคใต้ฝั่งตะวันออกตอนบน,แม่น้ำตาปีตอนล่างส่วนที่ 2
BSCL,อบต.ศรีจุฬา,14.070025,101.13788,ศรีจุฬา,เมืองนครนายก,นครนายก,บางปะกง,แม่น้ำนครนายก
BSDE,ทต.ไชยมงคล,14.837534,102.068886,ไชยมงคล,เมืองนครราชสีมา,นครราชสีมา,มูล,ลำพระเพลิง
BSIK,อบต.เขาหลวง,17.317417,101.635284,เขาหลวง,วังสะพุง,เลย,โขงตะวันออกเฉียงเหนือ,แม่น้ำเลยตอนล่างส่วนที่ 2
BSKJ,อบต.ละหานทราย,14.395698,102.84723,ละหานทราย,ละหานทราย,บุรีรัมย์,มูล,ลำนางรอง
BSMP,อบต.บึงสามพัน,15.778085,101.02093,บึงสามพัน,บึงสามพัน,เพชรบูรณ์,ป่าสัก,แม่น้ำป่าสักส่วนที่ 3/1
BSUM,อบต.สัมฤทธิ์,15.212061,102.44613,สัมฤทธิ์,พิมาย,นครราชสีมา,มูล,ลำน้ำมูลตอนบนส่วนที่ 5
BSVT,ทต.ร่อนทอง,11.263304,99.43816,ร่อนทอง,บางสะพาน,ประจวบคีรีขันธ์,เพชรบุรี-ประจวบคีรีขันธ์,คลองบางสะพานใหญ่
BTCH,ทต.ทับช้าง,13.2346115,102.187325,ทับช้าง,สอยดาว,จันทบุรี,บางปะกง,คลองพระสทึง
BTGH,อบต.ยะรม,5.7758493,101.092384,ยะรม,เบตง,ยะลา,ภาคใต้ฝั่งตะวันออกตอนล่าง,แม่น้ำปัตตานีตอนบน
BTHI,ศูนย์อปพร. ทต.บ้านธิ,18.651775,99.11655,บ้านธิ,บ้านธิ,ลำพูน,ปิง,น้ำแม่กวง
BTHO,อบต.หนองแปน,17.703592,103.435104,หนองแปน,เจริญศิลป์,สกลนคร,โขงตะวันออกเฉียงเหนือ,แม่น้ำสงครามตอนบน
BTTI,อบต.เทอดไทย,20.243437,99.66371,เทอดไทย,แม่ฟ้าหลวง,เชียงราย,โขงเหนือ,น้ำแม่จัน
BTUD,อบต.ตาอุด,14.667906,104.27087,ตาอุด,ขุขันธ์,ศรีสะเกษ,มูล,ห้วยสำราญ
BTUM,ทม.บ้านทุ่ม,16.444458,102.72511,บ้านทุ่ม,เมืองขอนแก่น,ขอนแก่น,ชี,ลำน้ำชีส่วนที่ 3
BTWN,รร.วัดทายิการาม,8.082123,100.16428,การะเกด,เชียรใหญ่,นครศรีธรรมราช,ภาคใต้ฝั่งตะวันออกตอนบน,ภาคใต้ฝั่งตะวันออกส่วนที่ 4
BUGN,ร.ร.บ้านอังโกน-ห้วยทราย,14.496045,102.24722,บ้านใหม่,ครบุรี,นครราชสีมา,มูล,ลำแซะ
BUKT,ทต.บูเก๊ะตา,5.848724,101.88031,โละจูด,แว้ง,นราธิวาส,ภาคใต้ฝั่งตะวันออกตอนล่าง,แม่น้ำโกลก
BUSW,อบต.บึงกาฬ,18.365038,103.65415,บึงกาฬ,เมืองบึงกาฬ,บึงกาฬ,โขงตะวันออกเฉียงเหนือ,แม่น้ำโขงส่วนที่ 7/2
BWKG,อบต.บ้านไร่,16.610779,100.265785,บ้านไร่,บางกระทุ่ม,พิษณุโลก,น่าน,แม่น้ำวังทอง
BYNU,ทต.ราไวย์,7.770804,98.31875,ราไวย์,เมืองภูเก็ต,ภูเก็ต,ภาคใต้ฝั่งตะวันตก,เกาะภูเก็ต
CATK,อบต.หนองหญ้า,13.983729,99.45824,หนองหญ้า,เมืองกาญจนบุรี,กาญจนบุรี,แม่กลอง,แม่น้ำแควน้อยตอนล่างส่วนที่ 3
CBUR,อบต.ชัยบุรี,8.450635,99.083046,ชัยบุรี,ชัยบุรี,สุราษฎร์ธานี,ภาคใต้ฝั่งตะวันออกตอนบน,คลองอิปัน
CCSS,อบต.ท่าข้าม,10.62032,99.12824,ท่าข้าม,ท่าแซะ,ชุมพร,ภาคใต้ฝั่งตะวันออกตอนบน,คลองท่าตะเภา ( ลุ่มน้ำสาขา )
CEHM,อบต.แจ้ห่ม,18.712286,99.58207,แจ้ห่ม,แจ้ห่ม,ลำปาง,วัง,แม่น้ำวังตอนบน
CGDO,ทต.แม่นะ,19.341248,98.96129,แม่นะ,เชียงดาว,เชียงใหม่,ปิง,แม่น้ำปิงตอนบนส่วนที่ 1
CGKG,ทต.เวียง,20.257414,100.402885,เวียง,เชียงของ,เชียงราย,โขงเหนือ,แม่น้ำโขงตอนบนส่วนที่ 2
CGKM,ทต.หย่วน,19.5304,100.29209,หย่วน,เชียงคำ,พะเยา,โขงเหนือ,แม่ลาว
CGMN,ทต.เชียงม่วน,18.893818,100.28784,เชียงม่วน,เชียงม่วน,พะเยา,ยม,น้ำปี้
CGSN,ทต.โยนก,20.240103,100.06738,โยนก,เชียงแสน,เชียงราย,โขงเหนือ,น้ำแม่กกตอนล่างส่วนที่ 3
CHHA,ทต.ช่อแฮ,18.08883,100.21212,ช่อแฮ,เมืองแพร่,แพร่,ยม,แม่น้ำยมตอนกลางส่วนที่ 2
CHI001,บ้านเขว้า,15.933134,101.699524,ภูแลนคา,บ้านเขว้า,ชัยภูมิ,ชี,ลำน้ำชีตอนบนส่วนที่ 2
CHI003,เมืองชัยภูมิ,15.681616,102.00952,บ้านค่าย,เมืองชัยภูมิ,ชัยภูมิ,ชี,ลำน้ำชีส่วนที่ 2/2
CHI005,ชนบท,16.09691,102.57001,ชนบท,ชนบท,ขอนแก่น,ชี,ลำน้ำชีส่วนที่ 3
CHI006,เมืองขอนแก่น,16.325937,102.78599,ท่าพระ,เมืองขอนแก่น,ขอนแก่น,ชี,ลำน้ำชีส่วนที่ 3
CHI010,มหาชนะชัย,15.5248575,104.24975,ฟ้าหยาด,มหาชนะชัย,ยโสธร,ชี,ลำน้ำชีตอนล่าง
CHI011,เขื่องใน,15.322461,104.546486,เขื่องใน,เขื่องใน,อุบลราชธานี,ชี,ลำน้ำชีตอนล่าง
CHI012,เมืองมหาสารคาม,16.232254,103.27108,เกิ้ง,เมืองมหาสารคาม,มหาสารคาม,ชี,ลำน้ำชีส่วนที่ 4/1
CHI013,ยางตลาด,16.411049,103.46708,ดอนสมบูรณ์,ยางตลาด,กาฬสินธุ์,ชี,ลำปาวตอนล่าง
CHI015,สะพานฉลองขอนแก่น 200 ปี,16.529016,102.906006,หนองตูม,เมืองขอนแก่น,ขอนแก่น,ชี,ลำน้ำพองตอนล่างส่วนที่ 1
CHKG,อบต.ช่างเคิ่ง,18.50692,98.35304,ช่างเคิ่ง,แม่แจ่ม,เชียงใหม่,ปิง,น้ำแม่แจ่มตอนล่าง
CHM001,สันทราย,19.009766,98.95976,แม่แฝก,สันทราย,เชียงใหม่,ปิง,แม่น้ำปิงส่วนที่ 2/1
CHM002,ฮอด,18.178593,98.630165,หางดง,ฮอด,เชียงใหม่,ปิง,แม่น้ำปิงส่วนที่ 3/3
CHM003,แม่อาย,20.061007,99.36204,ท่าตอน,แม่อาย,เชียงใหม่,โขงเหนือ,น้ำแม่กกตอนล่างส่วนที่ 1
CHM004,เชียงดาว,19.367266,98.96888,เชียงดาว,เชียงดาว,เชียงใหม่,ปิง,แม่น้ำปิงตอนบนส่วนที่ 1
CHM005,แม่แตง,19.122038,98.944466,สันมหาพน,แม่แตง,เชียงใหม่,ปิง,แม่น้ำแม่แตง
CHM007,ฝาง,19.856054,99.19549,แม่สูน,ฝาง,เชียงใหม่,โขงเหนือ,น้ำแม่ฝาง
CHN001,เมืองจันทบุรี,12.613569,102.11407,จันทนิมิต,เมืองจันทบุรี,จันทบุรี,ชายฝั่งทะเลตะวันออก,แม่น้ำจันทบุรี
CHN004,แก่งหางแมว,12.986787,101.89962,แก่งหางแมว,แก่งหางแมว,จันทบุรี,ชายฝั่งทะเลตะวันออก,คลองโตนด
CHN005,นายายอาม,12.722473,101.95599,วังใหม่,นายายอาม,จันทบุรี,ชายฝั่งทะเลตะวันออก,คลองโตนด
CHNA,อบต.สินปุน,8.252194,99.27449,สินปุน,เขาพนม,กระบี่,ภาคใต้ฝั่งตะวันออกตอนบน,คลองสินปุน
CHPA,อบต.จอมพระ,15.11375,103.6104,จอมพระ,จอมพระ,สุรินทร์,มูล,ลำน้ำมูลส่วนที่ 2/5
CHR001,เมืองเชียงราย,19.826365,99.778915,ป่าอ้อดอนชัย,เมืองเชียงราย,เชียงราย,โขงเหนือ,น้ำแม่ลาวส่วนที่ 2
CHR002,เทิง,19.688263,100.18752,เวียง,เทิง,เชียงราย,โขงเหนือ,แม่น้ำอิงตอนล่าง
CHR003,แม่จัน,20.157574,99.85961,แม่จัน,แม่จัน,เชียงราย,โขงเหนือ,น้ำแม่จัน
CHR004,แม่สรวย,19.652618,99.53791,แม่สรวย,แม่สรวย,เชียงราย,โขงเหนือ,น้ำแม่ลาวส่วนที่ 1
CHR005,เชียงแสน,20.219687,100.121185,โยนก,เชียงแสน,เชียงราย,โขงเหนือ,น้ำแม่กกตอนล่างส่วนที่ 3
CHTG,อบต.เจาทอง,15.906904,101.42754,เจาทอง,ภักดีชุมพล,ชัยภูมิ,ชี,ลำน้ำชีตอนบนส่วนที่ 2
CHUN,ทต.ห้วยข้าวก่ำ,19.350142,100.139465,ห้วยข้าวก่ำ,จุน,พะเยา,โขงเหนือ,แม่น้ำอิงตอนกลางส่วนที่ 2
CIHO,อบต.บูกิต,6.199258,101.827126,บูกิต,เจาะไอร้อง,นราธิวาส,ภาคใต้ฝั่งตะวันออกตอนล่าง,แม่น้ำบางนรา
CKLG,สำนักงานป้องกันและบรรเทาสาธารณภัย ทต.เชียงกลาง,19.287537,100.85815,เชียงกลาง,เชียงกลาง,น่าน,น่าน,แม่น้ำน่านตอนบน
CLPK,อบต.ห้วยโก๋น,19.595129,101.08572,ห้วยโก๋น,เฉลิมพระเกียรติ,น่าน,น่าน,แม่น้ำน่านตอนบน
CMP001,เมืองชุมพร,10.574456,99.14578,หาดพันไกร,เมืองชุมพร,ชุมพร,ภาคใต้ฝั่งตะวันออกตอนบน,คลองท่าตะเภา ( ลุ่มน้ำสาขา )
CMP002,หลังสวน,9.953407,99.06441,ขันเงิน,หลังสวน,ชุมพร,ภาคใต้ฝั่งตะวันออกตอนบน,คลองหลังสวน
CMSG,อบต.พิกุล,15.89842,100.30775,พิกุล,ชุมแสง,นครสวรรค์,น่าน,แม่น้ำน่านตอนล่างส่วนที่ 2
CNDN,อบต.ชนแดน,16.179054,100.90172,ชนแดน,ชนแดน,เพชรบูรณ์,น่าน,แม่น้ำน่านตอนล่างส่วนที่ 2
CPKC,ทต.ไชยปราการ,19.742264,99.14543,ปงตำ,ไชยปราการ,เชียงใหม่,โขงเหนือ,น้ำแม่ฝาง
CPON,ทต.ชุมพร,16.368166,104.057785,ชุมพร,เมยวดี,ร้อยเอ็ด,ชี,ลำน้ำยัง
CPY001,สะพานเดชาติวงศ์,15.688471,100.12383,ปากน้ำโพ,เมืองนครสวรรค์,นครสวรรค์,เจ้าพระยา,ที่ราบแม่น้ำเจ้าพระยา
CPY002,พยุหะคีรี,15.426565,100.13473,ท่าน้ำอ้อย,พยุหะคีรี,นครสวรรค์,เจ้าพระยา,ที่ราบแม่น้ำเจ้าพระยา
CPY003,ปตร.มโนรมย์,15.327643,100.10911,วัดโคก,มโนรมย์,ชัยนาท,เจ้าพระยา,ที่ราบแม่น้ำเจ้าพระยา
CPY004,สะพานธรรมจักร(วัดธรรมามูล),15.250288,100.083466,ธรรมามูล,เมืองชัยนาท,ชัยนาท,เจ้าพระยา,ที่ราบแม่น้ำเจ้าพระยา
CPY005,สรรพยา,15.109029,100.26793,โพนางดำออก,สรรพยา,ชัยนาท,เจ้าพระยา,ที่ราบแม่น้ำเจ้าพระยา
CPY011,พระนครศรีอยุธยา,14.36914,100.52863,ภูเขาทอง,พระนครศรีอยุธยา,พระนครศรีอยุธยา,เจ้าพระยา,ที่ราบแม่น้ำเจ้าพระยา
CPY012,บางปะอิน,14.304491,100.56644,ขนอนหลวง,บางปะอิน,พระนครศรีอยุธยา,เจ้าพระยา,ที่ราบแม่น้ำเจ้าพระยา
CPY013,บางไทร,14.118274,100.53532,โพแตง,บางไทร,พระนครศรีอยุธยา,เจ้าพระยา,ที่ราบแม่น้ำเจ้าพระยา
CPY014,สะพานนวลฉวี,13.947525,100.535034,บ้านใหม่,ปากเกร็ด,นนทบุรี,เจ้าพระยา,ที่ราบแม่น้ำเจ้าพระยา
CPY015,สะพานกรุงเทพ,13.700287,100.492805,ดาวคะนอง,ธนบุรี,กรุงเทพมหานคร,เจ้าพระยา,ที่ราบแม่น้ำเจ้าพระยา
CSMO,อบต.ช่องสามหมอ,16.116697,102.2319,ช่องสามหมอ,แก้งคร้อ,ชัยภูมิ,ชี,ห้วยสามหมอ
CTKN,อบต.ป่าแดง,17.262218,100.57625,ป่าแดง,ชาติตระการ,พิษณุโลก,น่าน,แม่น้ำแควน้อยส่วนที่ 2
DCCT,ทต.เด่นชัย,17.983597,100.05172,เด่นชัย,เด่นชัย,แพร่,ยม,แม่น้ำยมตอนกลางส่วนที่ 2
DDSO,อบต.ไล่โว่,15.187605,98.47718,ไล่โว่,สังขละบุรี,กาญจนบุรี,แม่กลอง,แม่น้ำแควน้อยตอนบนส่วนที่ 1
DGSL,อบต.นาสวน,14.611464,99.12575,นาสวน,ศรีสวัสดิ์,กาญจนบุรี,แม่กลอง,แม่น้ำแควใหญ่ตอนล่างส่วนที่ 1
DITO,อบต.ดอยเต่า,17.915487,98.72794,ดอยเต่า,ดอยเต่า,เชียงใหม่,ปิง,แม่น้ำปิงส่วนที่ 3/3
DIV001,คลองผันน้ำยม-น่าน1,17.366179,99.84368,ในเมือง,สวรรคโลก,สุโขทัย,ยม,แม่น้ำยมตอนล่างส่วนที่ 2
DIV002,คลองผันน้ำยม-น่าน2,16.953913,100.12125,ท่าช้าง,พรหมพิราม,พิษณุโลก,ยม,คลองบางแก้ว
DIV003,คลองผันน้ำยม-น่าน3,17.292522,100.07767,คอรุม,พิชัย,อุตรดิตถ์,น่าน,แม่น้ำน่านส่วนที่ 4/2
DIV004,คลองผันน้ำยม-น่าน4,16.671774,100.24581,งิ้วงาม,เมืองพิษณุโลก,พิษณุโลก,ยม,แม่น้ำยมตอนล่างส่วนที่ 5
DIV005,ท่อทองแดง1,16.4971,99.51962,หนองปลิง,เมืองกำแพงเพชร,กำแพงเพชร,ปิง,แม่น้ำปิงส่วนที่ 4/5
DIWO,ทต.เวียงพางคำ,20.403551,99.88573,เวียงพางคำ,แม่สาย,เชียงราย,โขงเหนือ,แม่น้ำโขงตอนบนส่วนที่ 1
DKLG,อบต.ดอนฉิมพลี,13.905355,100.970276,ดอนฉิมพลี,บางน้ำเปรี้ยว,ฉะเชิงเทรา,บางปะกง,ที่ราบแม่น้ำบางปะกงส่วนที่ 1
DKMU,อบต.ปางหมู,19.333815,97.965744,ปางหมู,เมืองแม่ฮ่องสอน,แม่ฮ่องสอน,สาละวิน,น้ำแม่ปายตอนล่างส่วนที่ 2
DKTI,อบต.แม่อิง,19.224974,99.99362,แม่อิง,ภูกามยาว,พะเยา,โขงเหนือ,แม่น้ำอิงตอนกลางส่วนที่ 1
DMKH,อบต.ด่านม่วงคำ,17.079248,104.32588,ด่านม่วงคำ,โคกศรีสุพรรณ,สกลนคร,โขงตะวันออกเฉียงเหนือ,ห้วยน้ำก่ำ
DNCM,อบต.ดอนชะเอม,13.961962,99.80394,ดอนชะเอม,ท่ามะกา,กาญจนบุรี,ท่าจีน,ที่ราบแม่น้ำท่าจีน
DOCI,ทต.ทาสบเส้า,18.465376,99.12668,ทาสบเส้า,แม่ทา,ลำพูน,ปิง,น้ำแม่กวง
DSKT,ทต.ดอยสะเก็ด,18.864794,99.13231,เชิงดอย,ดอยสะเก็ด,เชียงใหม่,ปิง,น้ำแม่กวง
DTAN,ทต.ดอนตาล,16.3184,104.918945,ดอนตาล,ดอนตาล,มุกดาหาร,โขงตะวันออกเฉียงเหนือ,แม่น้ำโขงตอนล่าง
FANG,อบต.เวียง,19.941149,99.21811,เวียง,ฝาง,เชียงใหม่,โขงเหนือ,น้ำแม่ฝาง
FOP001,ชุมชนบ้านร้องแง,19.174799,100.9364,วรนคร,ปัว,น่าน,น่าน,แม่น้ำน่านตอนบน
FOP002,รร.ภูคาวิทยาคม,19.227991,101.06259,ภูคา,ปัว,น่าน,น่าน,แม่น้ำน่านตอนบน
FOP003,อุทยานแห่งชาติดอยภูคา,19.203983,101.07767,ภูคา,ปัว,น่าน,น่าน,แม่น้ำน่านตอนบน
FOP004,รร.พนาสวรรค์,19.179768,101.041756,ภูคา,ปัว,น่าน,น่าน,แม่น้ำน่านตอนบน
FOP005,ลำน้ำขว้าง (ฝายจ้าว),19.180185,100.95907,ศิลาแลง,ปัว,น่าน,น่าน,แม่น้ำน่านตอนบน
FOP006,จุดชมวิว 1715,19.174822,101.10615,ภูคา,ปัว,น่าน,น่าน,แม่น้ำน่านตอนบน
FOP007,บ้านผาเวียง,19.157818,101.025116,ภูคา,ปัว,น่าน,น่าน,แม่น้ำน่านตอนบน
FOP008,ลำน้ำกูน,19.148909,100.9464,ศิลาแลง,ปัว,น่าน,น่าน,แม่น้ำน่านตอนบน
FOP009,รร.บ้านปางยาง,19.1356,100.9964,ภูคา,ปัว,น่าน,น่าน,แม่น้ำน่านตอนบน
FOP010,อ่างเก็บน้ำห้วยยาง,18.9449,100.9552,ป่าแลวหลวง,สันติสุข,น่าน,น่าน,น้ำยาว (2)
FOP011,สะพานน้ำมวบ (บ้านภูแยง),18.924023,100.92671,ดู่พงษ์,สันติสุข,น่าน,น่าน,น้ำยาว (2)
FOP012,รร.บ้านปางช้าง,18.893469,101.02294,ป่าแลวหลวง,สันติสุข,น่าน,น่าน,น้ำยาว (2)
FOP013,บ้านตอง,18.846539,101.028885,แม่จริม,แม่จริม,น่าน,น่าน,น้ำยาว (2)
FOP014,สะพานลำน้ำยาม,17.59485,103.96947,อากาศ,อากาศอำนวย,สกลนคร,โขงตะวันออกเฉียงเหนือ,ห้วยน้ำยาม
FOP015,ลำน้ำกวงสะพานศรีดอนชัย,18.653236,99.06441,บ้านธิ,บ้านธิ,ลำพูน,ปิง,น้ำแม่กวง
FOP016,ลำน้ำสานบ้านทุ่งยาวเหนือ,18.511814,99.07728,ศรีบัวบาน,เมืองลำพูน,ลำพูน,ปิง,น้ำแม่กวง
FOP017,บ้านหนองแดง,19.131079,98.317924,บ้านจันทร์,กัลยาณิวัฒนา,เชียงใหม่,ปิง,น้ำแม่แจ่มตอนบน
FOP018,บ้านขุนแม่ละอุปหมู่ที่ 3,19.040228,98.20028,แจ่มหลวง,กัลยาณิวัฒนา,เชียงใหม่,ปิง,น้ำแม่แจ่มตอนบน
FOP019,คลองสรอย วัดแม่ขมวก,17.774961,99.46938,สรอย,วังชิ้น,แพร่,ยม,แม่น้ำยมตอนล่างส่วนที่ 1
FOP020,ประปาหมู่บ้านมหาราช,17.744726,100.00751,แม่พูล,ลับแล,อุตรดิตถ์,น่าน,แม่น้ำน่านส่วนที่ 4/2
FOP021,น้ำตกแม่พูล,17.729101,99.97808,แม่พูล,ลับแล,อุตรดิตถ์,น่าน,แม่น้ำน่านส่วนที่ 4/2
FOP022,สะพานวัดมงคลร่วมใจ (บ้านวังสาร),16.670557,100.32784,ท่าตาล,บางกระทุ่ม,พิษณุโลก,น่าน,แม่น้ำวังทอง
FOP023,รร.บ้านข้าวแป้ง,17.689249,103.94656,วาใหญ่,อากาศอำนวย,สกลนคร,โขงตะวันออกเฉียงเหนือ,ห้วยน้ำยาม
FOP024,รร.บ้านวาน้อย,17.622486,103.93653,วาใหญ่,อากาศอำนวย,สกลนคร,โขงตะวันออกเฉียงเหนือ,ห้วยน้ำยาม
FOP025,สะพานบางไตประชาบริรักษ์,9.282496,98.876945,ตะกุกเหนือ,วิภาวดี,สุราษฎร์ธานี,ภาคใต้ฝั่งตะวันออกตอนบน,คลองพุมดวงตอนล่าง
FOP026,สะพานคลองพาย,9.155656,98.895,น้ำหัก,คีรีรัฐนิคม,สุราษฎร์ธานี,ภาคใต้ฝั่งตะวันออกตอนบน,คลองพุมดวงตอนล่าง
FOP027,พิพิธภัณฑ์ธรรมชาติจัดการน้ำชุมชนฯ บ้านปากซวด,8.900032,98.80356,พะแสง,บ้านตาขุน,สุราษฎร์ธานี,ภาคใต้ฝั่งตะวันออกตอนบน,คลองสก
FOP028,สะพานทางเข้าชุมชนบ้านปากซวด,8.889676,98.82031,พะแสง,บ้านตาขุน,สุราษฎร์ธานี,ภาคใต้ฝั่งตะวันออกตอนบน,คลองสก
FOP029,สะพานบ้านสวนปราง,9.021278,99.63304,คลองสระ,กาญจนดิษฐ์,สุราษฎร์ธานี,ภาคใต้ฝั่งตะวันออกตอนบน,ภาคใต้ฝั่งตะวันออกส่วนที่ 3
FOP030,สะพานข้ามคลองหวาด,8.935932,99.60874,คลองสระ,กาญจนดิษฐ์,สุราษฎร์ธานี,ภาคใต้ฝั่งตะวันออกตอนบน,ภาคใต้ฝั่งตะวันออกส่วนที่ 3
FOP031,น้ำตกปลิว,8.162694,99.75913,ถ้ำใหญ่,ทุ่งสง,นครศรีธรรมราช,ภาคใต้ฝั่งตะวันตก,แม่น้ำตรัง
FOP032,ไร่ วงศ์ ทอง เมฆ ดี,8.090265,99.73884,ที่วัง,ทุ่งสง,นครศรีธรรมราช,ภาคใต้ฝั่งตะวันตก,แม่น้ำตรัง
FOP033,ที่ทำการอุทยานแห่งชาติน้ำตกโยง,8.17239,99.741264,ถ้ำใหญ่,ทุ่งสง,นครศรีธรรมราช,ภาคใต้ฝั่งตะวันตก,แม่น้ำตรัง
FOP034,ฝายคลองเปิก,8.1939125,99.73485,ถ้ำใหญ่,ทุ่งสง,นครศรีธรรมราช,ภาคใต้ฝั่งตะวันตก,แม่น้ำตรัง
FOP035,สะพานข้ามคลองวังเคียน,7.9545927,99.8964,วังอ่าง,ชะอวด,นครศรีธรรมราช,ภาคใต้ฝั่งตะวันออกตอนบน,ภาคใต้ฝั่งตะวันออกส่วนที่ 4
FOP036,สะพานห้วยน้ำใส,7.8895726,99.87424,เกาะขันธ์,ชะอวด,นครศรีธรรมราช,ภาคใต้ฝั่งตะวันออกตอนบน,ภาคใต้ฝั่งตะวันออกส่วนที่ 4
FOP037,สะพานข้ามคลองห้วยกรวด,7.8768225,99.93328,เกาะขันธ์,ชะอวด,นครศรีธรรมราช,ทะเลสาบสงขลา,ทะเลน้อย
FOP038,สะพานบ้านแหลมโตนด,7.8175993,100.04755,แหลมโตนด,ควนขนุน,พัทลุง,ทะเลสาบสงขลา,ทะเลน้อย
FOP039,สะพานท่าสำเภา,7.7296143,100.10796,ชัยบุรี,เมืองพัทลุง,พัทลุง,ทะเลสาบสงขลา,ทะเลหลวง
FOP040,คลองกาแลกูโบ หมู่ที่ 1,6.738517,101.25218,คลองใหม่,ยะรัง,ปัตตานี,ภาคใต้ฝั่งตะวันออกตอนล่าง,แม่น้ำปัตตานีตอนล่าง
FOP041,คลองสุหงาบารู หมู่ที่ 4,6.7370944,101.27309,คลองใหม่,ยะรัง,ปัตตานี,ภาคใต้ฝั่งตะวันออกตอนล่าง,แม่น้ำปัตตานีตอนล่าง
FOP042,อบต. ตาชี,6.55514,101.1063,ตาชี,ยะหา,ยะลา,ภาคใต้ฝั่งตะวันออกตอนล่าง,แม่น้ำปัตตานีตอนล่าง
FOP043,คลองปะแต,6.4125834,101.13891,ปะแต,ยะหา,ยะลา,ภาคใต้ฝั่งตะวันออกตอนล่าง,แม่น้ำปัตตานีตอนล่าง
FOP044,ทต. ปะแต,6.413974,101.13616,ปะแต,ยะหา,ยะลา,ภาคใต้ฝั่งตะวันออกตอนล่าง,แม่น้ำปัตตานีตอนล่าง
FOP046,ศูนย์เรียนรู้ชุมชนบ้านนาซัว หมู่ที่ 2,6.2720094,101.15673,ถ้ำทะลุ,บันนังสตา,ยะลา,ภาคใต้ฝั่งตะวันออกตอนล่าง,แม่น้ำปัตตานีตอนล่าง
FOP047,โรงเรียนนิคมสร้างตนเองพัฒนาภาคใต้ 1,6.3125324,101.361046,ตลิ่งชัน,บันนังสตา,ยะลา,ภาคใต้ฝั่งตะวันออกตอนล่าง,แม่น้ำปัตตานีตอนล่าง
FOP048,ทะเลหมอก อัยเยอร์เวง,5.998542,101.17656,อัยเยอร์เวง,เบตง,ยะลา,ภาคใต้ฝั่งตะวันออกตอนล่าง,แม่น้ำปัตตานีตอนบน
FOP049,หมู่บ้านปิยะมิตร 3,5.9342256,101.10874,อัยเยอร์เวง,เบตง,ยะลา,ภาคใต้ฝั่งตะวันออกตอนล่าง,แม่น้ำปัตตานีตอนบน
FOP050,รร.กองม่องทะ สาขาไล่โว่,15.30931,98.50981,ไล่โว่,สังขละบุรี,กาญจนบุรี,แม่กลอง,แม่น้ำแควน้อยตอนบนส่วนที่ 1
FOP052,ห้วยแม่แจ่ม,19.073105,98.30672,แจ่มหลวง,กัลยาณิวัฒนา,เชียงใหม่,ปิง,น้ำแม่แจ่มตอนบน
FOP053,ชุมชนแม่แดด,18.962727,98.41244,แม่แดด,กัลยาณิวัฒนา,เชียงใหม่,ปิง,น้ำแม่แจ่มตอนบน
FOP054,สะพานแม่น้ำลาว,19.108192,99.45523,แม่เจดีย์ใหม่,เวียงป่าเป้า,เชียงราย,โขงเหนือ,น้ำแม่ลาวส่วนที่ 1
FOP055,คลองกั้ง,17.716375,100.12409,บ้านด่านนาขาม,เมืองอุตรดิตถ์,อุตรดิตถ์,น่าน,แม่น้ำน่านส่วนที่ 4/1
FOP056,คลองจอมแจ้ง,17.702343,100.02168,แม่พูล,ลับแล,อุตรดิตถ์,น่าน,แม่น้ำน่านส่วนที่ 4/2
FOP057,บ้านประดู่,8.212015,99.703285,นาหลวงเสน,ทุ่งสง,นครศรีธรรมราช,ภาคใต้ฝั่งตะวันตก,แม่น้ำตรัง
FOP058,บ้านใต้,8.17833,99.70355,นาหลวงเสน,ทุ่งสง,นครศรีธรรมราช,ภาคใต้ฝั่งตะวันตก,แม่น้ำตรัง
FOP059,ชุมชนตำบลคลองสระ (น้ำตกภูริน),8.993955,99.65859,คลองสระ,กาญจนดิษฐ์,สุราษฎร์ธานี,ภาคใต้ฝั่งตะวันออกตอนบน,ภาคใต้ฝั่งตะวันออกส่วนที่ 3
FOP060,ชุมชนตำบลเกาะขันธ์ (บ้านน้ำตก),7.963781,99.77759,เกาะขันธ์,ชะอวด,นครศรีธรรมราช,ภาคใต้ฝั่งตะวันออกตอนบน,ภาคใต้ฝั่งตะวันออกส่วนที่ 4
FOP061,บ้านคลองวาย หมู่ที่ 7,9.368531,98.86746,ตะกุกเหนือ,วิภาวดี,สุราษฎร์ธานี,ภาคใต้ฝั่งตะวันออกตอนบน,คลองพุมดวงตอนล่าง
FOP062,บ้านคลองใส หมู่ที่ 8,9.314682,98.88985,ตะกุกเหนือ,วิภาวดี,สุราษฎร์ธานี,ภาคใต้ฝั่งตะวันออกตอนบน,คลองพุมดวงตอนล่าง
FOP063,บ้านคลองมุย หมู่ที่ 13,9.252886,98.85421,ตะกุกเหนือ,วิภาวดี,สุราษฎร์ธานี,ภาคใต้ฝั่งตะวันออกตอนบน,คลองพุมดวงตอนล่าง
GLF001,ป้อมพระจุลจอมเกล้า,13.57379,100.57397,แหลมฟ้าผ่า,พระสมุทรเจดีย์,สมุทรปราการ,เจ้าพระยา,ที่ราบแม่น้ำเจ้าพระยา
HCTT,อบต.หนองหล่ม,18.336287,99.39988,หนองหล่ม,ห้างฉัตร,ลำปาง,วัง,แม่น้ำวังตอนกลางส่วนที่ 2
HDA001,ปตร.หันตรา,14.374549,100.58436,บ้านเกาะ,พระนครศรีอยุธยา,พระนครศรีอยุธยา,ป่าสัก,แม่น้ำป่าสักตอนล่างส่วนที่ 2
HDA002,ปตร.กระมัง (ปากคลองข้าวเม่า),14.355069,100.58359,หัวรอ,พระนครศรีอยุธยา,พระนครศรีอยุธยา,เจ้าพระยา,ที่ราบแม่น้ำเจ้าพระยา
HDA003,ปตร.กลางคลองข้าวเม่า (วัดกระสังข์),14.357301,100.60567,หันตรา,พระนครศรีอยุธยา,พระนครศรีอยุธยา,เจ้าพระยา,ที่ราบแม่น้ำเจ้าพระยา
HDA004,คลองช่องสะเดา,14.344739,100.670074,อุทัย,อุทัย,พระนครศรีอยุธยา,เจ้าพระยา,ที่ราบแม่น้ำเจ้าพระยา
HDA005,วัดขนอนใต้,14.288234,100.61133,บ้านกรด,บางปะอิน,พระนครศรีอยุธยา,เจ้าพระยา,ที่ราบแม่น้ำเจ้าพระยา
HIKT,อบต.ห้วยคต,15.303619,99.60949,ห้วยคต,ห้วยคต,อุทัยธานี,ท่าจีน,ที่ราบแม่น้ำท่าจีน
HJRN1,อบต.หงษ์เจริญ,10.779725,99.19106,หงษ์เจริญ,ท่าแซะ,ชุมพร,ภาคใต้ฝั่งตะวันออกตอนบน,คลองท่าตะเภา ( ลุ่มน้ำสาขา )
HKNL,ทต.หนองเลิง,18.339142,103.39767,หนองเลิง,เมืองบึงกาฬ,บึงกาฬ,โขงตะวันออกเฉียงเหนือ,ห้วยคอง
HKTG,อบต.ศรีมงคล,14.0227165,99.19148,ศรีมงคล,ไทรโยค,กาญจนบุรี,แม่กลอง,แม่น้ำแควน้อยตอนล่างส่วนที่ 2
HNCG,ทต.ปากน้ำ,9.946523,98.59519,ปากน้ำ,เมืองระนอง,ระนอง,ภาคใต้ฝั่งตะวันตก,ภาคใต้ฝั่งตะวันตกตอนบน
HNKA,ทต.หันคา,14.969654,100.01036,หันคา,หันคา,ชัยนาท,ท่าจีน,ที่ราบแม่น้ำท่าจีน
HNRE,อบต.ท่ากระดาน,13.669304,101.5921,ท่ากระดาน,สนามชัยเขต,ฉะเชิงเทรา,บางปะกง,คลองท่าลาด
HOTT,อบต.หางดง,18.162054,98.60855,หางดง,ฮอด,เชียงใหม่,ปิง,แม่น้ำปิงส่วนที่ 3/3
HSYO,ทต.ดงมะดะ,19.747206,99.68351,ดงมะดะ,แม่ลาว,เชียงราย,โขงเหนือ,น้ำแม่ลาวส่วนที่ 2
HTTM,อบต.ไม้รูด,11.9274235,102.77907,ไม้รูด,คลองใหญ่,ตราด,ชายฝั่งทะเลตะวันออก,ชายฝั่งทะเลตะวันออก (ลุ่มน้ำสาขา 5)
HUKT,ทต.สรรพยา,15.132194,100.25128,สรรพยา,สรรพยา,ชัยนาท,เจ้าพระยา,ที่ราบแม่น้ำเจ้าพระยา
HUYG,อบต.หนองโพนงาม,16.430494,101.966324,หนองโพนงาม,เกษตรสมบูรณ์,ชัยภูมิ,ชี,น้ำพรหม
HYOD,ทต.ห้วยยอด,7.78913,99.63351,ห้วยยอด,ห้วยยอด,ตรัง,ภาคใต้ฝั่งตะวันตก,แม่น้ำตรัง
HYRT,ทต.ห้วยราช,14.973323,103.18652,ห้วยราช,ห้วยราช,บุรีรัมย์,มูล,ห้วยตะโคง
JBLG,ทต.เจ๊ะบิลัง,6.657257,99.970345,เจ๊ะบิลัง,เมืองสตูล,สตูล,ภาคใต้ฝั่งตะวันตก,ภาคใต้ฝั่งตะวันตกตอนล่าง
JNA001,จะนะ,6.917074,100.72969,บ้านนา,จะนะ,สงขลา,ทะเลสาบสงขลา,คลองนาทวี
JNA002,นาทวี,6.7380614,100.69319,นาทวี,นาทวี,สงขลา,ทะเลสาบสงขลา,คลองนาทวี
KABG,อบต.กาบัง,6.480195,100.98261,กาบัง,กาบัง,ยะลา,ทะเลสาบสงขลา,คลองเทพา
KAHN,รร. คำอาฮวนศรีสุราษฎร์วิทยา,16.496239,104.66688,คำอาฮวน,เมืองมุกดาหาร,มุกดาหาร,โขงตะวันออกเฉียงเหนือ,ห้วยมุก
KAKG,อบต.ปากฉลุย,9.300591,99.02604,ปากฉลุย,ท่าฉาง,สุราษฎร์ธานี,ภาคใต้ฝั่งตะวันออกตอนบน,ภาคใต้ฝั่งตะวันออกส่วนที่ 2
KANG,อบต.แก้ง,14.710295,105.01801,แก้ง,เดชอุดม,อุบลราชธานี,มูล,ลำโดมใหญ่
KAOP,อบต.เขาพระ,7.0801806,100.18832,เขาพระ,รัตภูมิ,สงขลา,ทะเลสาบสงขลา,ทะเลสาบสงขลา ( ลุ่มน้ำสาขา )
KGKG,อบต.คลองขลุง,16.208231,99.70938,คลองขลุง,คลองขลุง,กำแพงเพชร,ปิง,แม่น้ำปิงตอนล่าง
KGLN,ทต.คลองลานพัฒนา,16.122534,99.329315,คลองลานพัฒนา,คลองลาน,กำแพงเพชร,ปิง,แม่น้ำปิงตอนล่าง
KGTP,ทต.คุ้งตะเภา,17.625368,100.123665,คุ้งตะเภา,เมืองอุตรดิตถ์,อุตรดิตถ์,น่าน,แม่น้ำน่านส่วนที่ 4/1
KHDM,อบต.เขาค่าย,10.121984,98.89594,เขาค่าย,สวี,ชุมพร,ภาคใต้ฝั่งตะวันออกตอนบน,ภาคใต้ฝั่งตะวันออกตอนบนส่วนที่ 2
KHHM,อบต.เทพนิมิต,13.040248,102.44953,เทพนิมิต,โป่งน้ำร้อน,จันทบุรี,โตนเลสาป,โตนเลสาปตอนล่าง
KHNI,อบต.บ้านเสด็จ,8.763593,99.06464,บ้านเสด็จ,เคียนซา,สุราษฎร์ธานี,ภาคใต้ฝั่งตะวันออกตอนบน,แม่น้ำตาปีตอนล่างส่วนที่ 2
KHOG,ทต.เมืองคง,15.443807,102.32844,เมืองคง,คง,นครราชสีมา,มูล,ลำสะแทดส่วนที่ 1
KHPB,อบจ.เพชรบูรณ์,16.441256,101.14905,ในเมือง,เมืองเพชรบูรณ์,เพชรบูรณ์,ป่าสัก,แม่น้ำป่าสักส่วนที่ 2
KKCN,อบต.สองพี่น้อง,12.872315,99.68351,สองพี่น้อง,แก่งกระจาน,เพชรบุรี,เพชรบุรี-ประจวบคีรีขันธ์,แม่น้ำเพชรบุรีตอนบน
KKHA,อบต.เทพราช,8.858063,99.86363,เทพราช,สิชล,นครศรีธรรมราช,ภาคใต้ฝั่งตะวันออกตอนบน,ภาคใต้ฝั่งตะวันออกส่วนที่ 3
KKPA,ทต.โกรกพระ,15.55311,100.07093,โกรกพระ,โกรกพระ,นครสวรรค์,เจ้าพระยา,ที่ราบแม่น้ำเจ้าพระยา
KKTO,ทต.ลำปางหลวง,18.230423,99.39132,ลำปางหลวง,เกาะคา,ลำปาง,วัง,แม่น้ำวังตอนกลางส่วนที่ 2
KKWF,อบต.ปังเผล,14.953012,98.61821,ปรังเผล,สังขละบุรี,กาญจนบุรี,แม่กลอง,แม่น้ำแควน้อยตอนบนส่วนที่ 1
KMCE,อบต.น้ำเที่ยง,16.543028,104.40855,น้ำเที่ยง,คำชะอี,มุกดาหาร,โขงตะวันออกเฉียงเหนือ,ห้วยบังอี้
KMSI,อบต.กะลาเส,7.703953,99.318085,กะลาเส,สิเกา,ตรัง,ภาคใต้ฝั่งตะวันตก,ภาคใต้ฝั่งตะวันตกส่วนที่ 3
KMTK,อบต.คำตากล้า,17.831087,103.75677,คำตากล้า,คำตากล้า,สกลนคร,โขงตะวันออกเฉียงเหนือ,แม่น้ำสงครามตอนล่างส่วนที่ 1
KNDG,อบต.แคนดง,15.308249,103.12403,แคนดง,แคนดง,บุรีรัมย์,มูล,ลำน้ำมูลส่วนที่ 2/3
KNYM,ทต.ขุนยวม,18.831217,97.93512,ขุนยวม,ขุนยวม,แม่ฮ่องสอน,สาละวิน,แม่น้ำยวมตอนบน
KOKN,อบต.โคคลาน,13.991088,102.65063,โคคลาน,ตาพระยา,สระแก้ว,โตนเลสาป,โตนเลสาปตอนบน (ลุ่มน้ำสาขา)
KOKO,อบต.ทุ่งสมอ,16.705048,101.04405,ทุ่งสมอ,เขาค้อ,เพชรบูรณ์,น่าน,แม่น้ำวังทอง
KOLO,ทต.เก้าเลี้ยว,15.860283,100.0918,เก้าเลี้ยว,เก้าเลี้ยว,นครสวรรค์,ปิง,แม่น้ำปิงตอนล่าง
KON001,วังสะพุง,17.312298,101.77255,วังสะพุง,วังสะพุง,เลย,โขงตะวันออกเฉียงเหนือ,แม่น้ำเลยตอนล่างส่วนที่ 1
KON002,เมืองเลย,17.509333,101.73663,ชัยพฤกษ์,เมืองเลย,เลย,โขงตะวันออกเฉียงเหนือ,แม่น้ำเลยตอนล่างส่วนที่ 2
KON003,สุวรรณคูหา,17.575682,102.27325,นาสี,สุวรรณคูหา,หนองบัวลำภู,โขงตะวันออกเฉียงเหนือ,น้ำโมง
KON004,เมืองอุดรธานี,17.482353,102.79713,หมูม่น,เมืองอุดรธานี,อุดรธานี,โขงตะวันออกเฉียงเหนือ,ห้วยหลวงส่วนที่ 1
KON005,บ้านดุง,17.639353,103.0984,นาคำ,บ้านดุง,อุดรธานี,โขงตะวันออกเฉียงเหนือ,ห้วยหลวงส่วนที่ 2
KOSB,รพสต.ท่าข้าม,13.627619,102.57489,ท่าข้าม,อรัญประเทศ,สระแก้ว,โตนเลสาป,โตนเลสาปตอนล่าง
KOSK,อบต.คลองศก,8.890472,98.66137,คลองศก,พนม,สุราษฎร์ธานี,ภาคใต้ฝั่งตะวันออกตอนบน,คลองสก
KOSR,อบต.เกาะสำโรง,13.942381,99.49625,เกาะสำโรง,เมืองกาญจนบุรี,กาญจนบุรี,แม่กลอง,แม่น้ำแควน้อยตอนล่างส่วนที่ 3
KPEM,อบต.พังทุย,16.748219,102.923195,พังทุย,น้ำพอง,ขอนแก่น,ชี,ลำน้ำพองตอนล่างส่วนที่ 1
KPPT,อบจ.กำแพงเพชร,16.41087,99.52196,อ่างทอง,เมืองกำแพงเพชร,กำแพงเพชร,ปิง,คลองสวนหมาก
KRKM,อบต.บางปิด,12.2172,102.30768,บางปิด,แหลมงอบ,ตราด,ชายฝั่งทะเลตะวันออก,ชายฝั่งทะเลตะวันออก (ลุ่มน้ำสาขา 4)
KRMT,ทต.บ้านโตนด,16.83368,99.80271,โตนด,คีรีมาศ,สุโขทัย,ยม,แม่น้ำยมตอนล่างส่วนที่ 4
KRN001,เมืองกาญจนบุรี,14.060443,99.48324,แก่งเสี้ยน,เมืองกาญจนบุรี,กาญจนบุรี,แม่กลอง,แม่น้ำแควใหญ่ตอนล่างส่วนที่ 2
KRN002,ไทรโยค,14.112655,99.14636,ลุ่มสุ่ม,ไทรโยค,กาญจนบุรี,แม่กลอง,แม่น้ำแควน้อยตอนล่างส่วนที่ 2
KRN004,ลิ่นถิ่น,14.5356,98.78765,ไทรโยค,ไทรโยค,กาญจนบุรี,แม่กลอง,แม่น้ำแควน้อยตอนบนส่วนที่ 2
KSKP,อบต.กำแพงแสน,14.00327,99.98093,กำแพงแสน,กำแพงแสน,นครปฐม,ท่าจีน,ที่ราบแม่น้ำท่าจีน
KSNG,อบต.ขุนซ่อง,13.074,101.937584,ขุนซ่อง,แก่งหางแมว,จันทบุรี,ชายฝั่งทะเลตะวันออก,คลองโตนด
KSOD,อบต.คลองพา,9.592477,99.11959,คลองพา,ท่าชนะ,สุราษฎร์ธานี,ภาคใต้ฝั่งตะวันออกตอนบน,ภาคใต้ฝั่งตะวันออกส่วนที่ 2
KSPS,ทต.โกสุมพิสัย,16.24303,103.06309,หัวขวาง,โกสุมพิสัย,มหาสารคาม,ชี,ลำน้ำชีส่วนที่ 4/1
KTKB,อบจ.ตาก,16.877806,99.13964,ระแหง,เมืองตาก,ตาก,ปิง,แม่น้ำปิงส่วนที่ 4/2
KTLE,อบต.ขุนทะเล,8.338827,99.85211,ขุนทะเล,ลานสกา,นครศรีธรรมราช,ภาคใต้ฝั่งตะวันออกตอนบน,ภาคใต้ฝั่งตะวันออกส่วนที่ 4
KTUM,อบต.เขาตูม,6.619149,101.30669,เขาตูม,ยะรัง,ปัตตานี,ภาคใต้ฝั่งตะวันออกตอนล่าง,แม่น้ำปัตตานีตอนล่าง
KUAM,อบต.สบแม่ข่า,18.677948,98.97708,สบแม่ข่า,หางดง,เชียงใหม่,ปิง,แม่น้ำปิงส่วนที่ 2/2
KUBR,ทต.กุยบุรี,12.070019,99.867325,กุยบุรี,กุยบุรี,ประจวบคีรีขันธ์,เพชรบุรี-ประจวบคีรีขันธ์,คลองกุย
KUDN,เทศบาลนครอุดรธานี,17.412928,102.788635,หมากแข้ง,เมืองอุดรธานี,อุดรธานี,โขงตะวันออกเฉียงเหนือ,ห้วยหลวงส่วนที่ 1
KWN001,นครไทย,17.107029,100.84589,นครไทย,นครไทย,พิษณุโลก,น่าน,แม่น้ำแควน้อยส่วนที่ 1
KWSI,รร. เทศบาล 1 (ทต.เกษตรวิสัย),15.6653185,103.57421,เกษตรวิสัย,เกษตรวิสัย,ร้อยเอ็ด,มูล,ลำเสียวใหญ่ส่วนที่ 1
LBI001,บางปะหัน,14.42731,100.55606,โพธิ์สามต้น,บางปะหัน,พระนครศรีอยุธยา,เจ้าพระยา,ที่ราบแม่น้ำเจ้าพระยา
LDKS,อบต.นากอก,16.896818,102.20171,นากอก,ศรีบุญเรือง,หนองบัวลำภู,ชี,น้ำพวย
LEEE,ทต.วังดิน,17.801989,98.94716,ลี้,ลี้,ลำพูน,ปิง,น้ำแม่ลี้
LGTI,อบต.บ้านแหง,18.763306,100.00876,บ้านแหง,งาว,ลำปาง,ยม,แม่น้ำงาว
LHOK,อบต.เหล่ากอหก,17.496422,100.88751,เหล่ากอหก,นาแห้ว,เลย,โขงตะวันออกเฉียงเหนือ,แม่น้ำโขงส่วนที่ 3
LKBU,อบต.ลานกระบือ,16.618078,99.880066,ลานกระบือ,ลานกระบือ,กำแพงเพชร,ยม,แม่น้ำยมตอนล่างส่วนที่ 5
LMKD,อบต.คลองขนาน,8.005305,99.01388,คลองขนาน,เหนือคลอง,กระบี่,ภาคใต้ฝั่งตะวันตก,ภาคใต้ฝั่งตะวันตกส่วนที่ 2
LMKO,อบต.หล่มเก่า,16.880705,101.23832,หล่มเก่า,หล่มเก่า,เพชรบูรณ์,ป่าสัก,ห้วยน้ำพุง
LMPN,สวนสาธารณะกู่ช้าง ทต.ลำพูน,18.588718,99.02019,ในเมือง,เมืองลำพูน,ลำพูน,ปิง,น้ำแม่กวง
LMSK,ทต.ตาลเดี่ยว,16.771374,101.25363,ตาลเดี่ยว,หล่มสัก,เพชรบูรณ์,ป่าสัก,แม่น้ำป่าสักตอนบน
LNRG,อบต.ลำนางรอง,14.188861,102.68472,ลำนางรอง,โนนดินแดง,บุรีรัมย์,มูล,ลำนางรอง
LNSK,อบต.ลานสัก,15.472768,99.53971,ลานสัก,ลานสัก,อุทัยธานี,สะแกกรัง,ห้วยทับเสลา
LPLE,ทต.ศรีพนมมาศ,17.654537,100.035805,ศรีพนมมาศ,ลับแล,อุตรดิตถ์,น่าน,แม่น้ำน่านส่วนที่ 4/2
LTYO,ศูนย์อปพร.อบต.ลาดยาว,15.762861,99.74133,ลาดยาว,ลาดยาว,นครสวรรค์,เจ้าพระยา,ที่ราบแม่น้ำเจ้าพระยา
MCHI,ทต.แม่ใจ,19.346102,99.81359,แม่ใจ,แม่ใจ,พะเยา,โขงเหนือ,แม่น้ำอิงตอนบน
MCRM,รพสต.หมอเมือง,18.678186,100.99277,หมอเมือง,แม่จริม,น่าน,น่าน,น้ำว้า
MDC001,ตลาดเก่าตะกั่วป่า,8.829423,98.36931,โคกเคียน,ตะกั่วป่า,พังงา,ภาคใต้ฝั่งตะวันตก,คลองตะกั่วป่า
MDC005,คลองนาท่อม,7.5588346,99.98757,ร่มเมือง,เมืองพัทลุง,พัทลุง,ทะเลสาบสงขลา,ทะเลหลวง
MDTG,อบต.เขาล้าน,11.522076,99.59763,เขาล้าน,ทับสะแก,ประจวบคีรีขันธ์,เพชรบุรี-ประจวบคีรีขันธ์,ชายฝั่งทะเลประจวบคีรีขันธ์ส่วนที่ 1
MECN,ทต.แม่จัน,20.139263,99.85799,แม่จัน,แม่จัน,เชียงราย,โขงเหนือ,น้ำแม่จัน
MEPK,อบต.แม่พริก,17.455318,99.118645,แม่พริก,แม่พริก,ลำปาง,วัง,แม่น้ำวังตอนล่างส่วนที่ 3
MEWG,อบต.บ้านกาด,18.603914,98.79844,บ้านกาด,แม่วาง,เชียงใหม่,ปิง,น้ำแม่ขาน
MGTI,อบต.นอกเมือง,14.850811,103.49769,นอกเมือง,เมืองสุรินทร์,สุรินทร์,มูล,ลำชี
MKKB,รพสต.บ้านโคกอุดม,14.069501,101.80993,หนองกี่,กบินทร์บุรี,ปราจีนบุรี,บางปะกง,แม่น้ำหนุมาน
MKTR,ทต.กันทรารมย์,15.105263,104.56863,ดูน,กันทรารมย์,ศรีสะเกษ,มูล,ลำน้ำมูลส่วนที่ 3/2
MMMO,ทต.แม่เมาะ,18.272924,99.65161,แม่เมาะ,แม่เมาะ,ลำปาง,วัง,น้ำแม่จาง
MMNY,อบต.นายายอาม,12.770844,101.85303,นายายอาม,นายายอาม,จันทบุรี,ชายฝั่งทะเลตะวันออก,ชายฝั่งทะเลตะวันออก (ลุ่มน้ำสาขา 3)
MNDM,เขื่อนแม่งัดสมบูรณ์ชล,19.161768,99.03969,ช่อแล,แม่แตง,เชียงใหม่,ปิง,น้ำแม่งัด
MNRM,ทต.คุ้งสำเภา,15.310008,100.081726,คุ้งสำเภา,มโนรมย์,ชัยนาท,เจ้าพระยา,ที่ราบแม่น้ำเจ้าพระยา
MPBR,ทต.ปราณบุรี,12.37838,99.89328,หนองตาแต้ม,ปราณบุรี,ประจวบคีรีขันธ์,เพชรบุรี-ประจวบคีรีขันธ์,แม่น้ำปราณบุรี ( ลุ่มน้ำสาขา )
MRMT,อบต.แม่ระมาด,16.989868,98.51828,แม่ระมาด,แม่ระมาด,ตาก,สาละวิน,แม่น้ำเมยตอนล่าง
MSRM,อบต.แม่คง,18.160877,97.91761,แม่คง,แม่สะเรียง,แม่ฮ่องสอน,สาละวิน,แม่น้ำยวมตอนล่างส่วนที่ 1
MUN002,เฉลิมพระเกียรติ,14.968005,102.23786,หนองยาง,เฉลิมพระเกียรติ,นครราชสีมา,มูล,ลำน้ำมูลตอนบนส่วนที่ 3
MUN003,ชุมพวง,15.286591,102.68462,ท่าลาด,ชุมพวง,นครราชสีมา,มูล,ลำปลายมาศ
MUN005,ราษีไศล,15.339495,104.15238,เมืองคง,ราษีไศล,ศรีสะเกษ,มูล,ลำน้ำมูลส่วนที่ 3/1
MUN009,เมืองสุรินทร์,14.875471,103.37901,ตระแสง,เมืองสุรินทร์,สุรินทร์,มูล,ลำชี
MUN010,เมืองศรีสะเกษ,15.118125,104.318596,เมืองเหนือ,เมืองศรีสะเกษ,ศรีสะเกษ,มูล,ห้วยสำราญ
MUN011,พิบูลมังสาหาร,15.249662,105.2393,โพธิ์ศรี,พิบูลมังสาหาร,อุบลราชธานี,มูล,ลำน้ำมูลตอนล่างส่วนที่ 1
MUN012,ประโคนชัย,14.633018,103.23046,ไพศาล,ประโคนชัย,บุรีรัมย์,มูล,ลำชี
MUN014,สตึก,15.299857,103.29231,นิคม,สตึก,บุรีรัมย์,มูล,ลำน้ำมูลส่วนที่ 2/4
MUNG,อบต.มะนังดาลำ,6.6733065,101.609245,มะนังดาลำ,สายบุรี,ปัตตานี,ภาคใต้ฝั่งตะวันออกตอนล่าง,แม่น้ำสายบุรี
MWOG,อบต.แม่วงก์,15.781017,99.545876,แม่วงก์,แม่วงก์,นครสวรรค์,สะแกกรัง,แม่น้ำสะแกกรังตอนล่างส่วนที่ 1
NAKU,อบต.นาคู,16.797869,104.04477,นาคู,นาคู,กาฬสินธุ์,ชี,ลำน้ำยัง
NAMN,สนามกีฬา ทต.บ่อแก้ว,18.210463,100.66244,บ่อแก้ว,นาหมื่น,น่าน,น่าน,น้ำแหง
NAN001,ท่าวังผา,19.096117,100.80263,ท่าวังผา,ท่าวังผา,น่าน,น่าน,แม่น้ำน่านส่วนที่ 2/1
NAN002,ภูเพียง,18.859726,100.817116,เมืองจัง,ภูเพียง,น่าน,น่าน,แม่น้ำน่านส่วนที่ 2/2
NAN003,เมืองน่าน,18.738026,100.75609,ท่าน้าว,ภูเพียง,น่าน,น่าน,แม่น้ำน่านส่วนที่ 2/3
NAN004,พิชัย,17.294397,100.08279,ในเมือง,พิชัย,อุตรดิตถ์,น่าน,แม่น้ำน่านส่วนที่ 4/2
NAN005,แม่น้ำเข็ก (ว้งทอง),16.855001,100.6668,วังนกแอ่น,วังทอง,พิษณุโลก,น่าน,แม่น้ำวังทอง
NAN006,บางกระทุ่ม,16.580505,100.23859,โคกสลุด,บางกระทุ่ม,พิษณุโลก,น่าน,แม่น้ำน่านตอนล่างส่วนที่ 1
NAN007,ตะพานหิน,16.270405,100.41391,งิ้วราย,ตะพานหิน,พิจิตร,น่าน,แม่น้ำน่านตอนล่างส่วนที่ 2
NAN008,ชุมแสง,15.8692,100.26484,เกยไชย,ชุมแสง,นครสวรรค์,น่าน,แม่น้ำน่านตอนล่างส่วนที่ 2
NAN009,เวียงสา,18.54995,100.76153,ส้าน,เวียงสา,น่าน,น่าน,แม่น้ำน่านส่วนที่ 3/1
NAN010,น้ำปาด,17.790888,100.74903,บ้านฝาย,น้ำปาด,อุตรดิตถ์,น่าน,น้ำปาด
NAN011,เมืองอุตรดิตถ์,17.610168,100.099396,ป่าเซ่า,เมืองอุตรดิตถ์,อุตรดิตถ์,น่าน,แม่น้ำน่านส่วนที่ 4/1
NAN012,เมืองพิษณุโลก,16.86472,100.24479,ปากโทก,เมืองพิษณุโลก,พิษณุโลก,น่าน,แม่น้ำน่านตอนล่างส่วนที่ 1
NAN013,วังทอง,16.822168,100.43161,วังทอง,วังทอง,พิษณุโลก,น่าน,แม่น้ำวังทอง
NAN014,ตรอน,17.418352,100.13079,หาดสองแคว,ตรอน,อุตรดิตถ์,น่าน,แม่น้ำน่านส่วนที่ 4/2
NANG,อบต.คลองหิน,8.284193,98.79711,คลองหิน,อ่าวลึก,กระบี่,ภาคใต้ฝั่งตะวันตก,ภาคใต้ฝั่งตะวันตกส่วนที่ 2
NANI,อบต.นาน้อย,18.328064,100.70871,นาน้อย,นาน้อย,น่าน,น่าน,น้ำแหง
NANP,ทต.นาหนองไผ่,15.350509,103.47608,นาหนองไผ่,ชุมพลบุรี,สุรินทร์,มูล,ลำน้ำมูลส่วนที่ 2/4
NANT,อบจ.น่าน,18.79901,100.73321,ในเวียง,เมืองน่าน,น่าน,น่าน,น้ำสมุน
NAPJ,อบต.ทุ่งกระบ่ำ,14.588794,99.63505,ทุ่งกระบ่ำ,เลาขวัญ,กาญจนบุรี,ท่าจีน,ที่ราบแม่น้ำท่าจีน
NAPK,อบต.นาโพธิ์กลาง,15.560386,105.501884,นาโพธิ์กลาง,โขงเจียม,อุบลราชธานี,โขงตะวันออกเฉียงเหนือ,แม่น้ำโขงตอนล่าง
NASG,ทต.นาส่วง,15.011457,104.9482,นาส่วง,เดชอุดม,อุบลราชธานี,มูล,ลำโดมใหญ่
NASW,อบต.นาซ่าว,17.82425,101.66913,นาซ่าว,เชียงคาน,เลย,โขงตะวันออกเฉียงเหนือ,แม่น้ำโขงส่วนที่ 5
NBLK,อบต.หนองบัวละคร,15.254264,101.86641,หนองบัวละคร,ด่านขุนทด,นครราชสีมา,มูล,ลำเชิงไกร
NBON,ทต.หนองบอน,12.677052,102.45956,หนองบอน,บ่อไร่,ตราด,ชายฝั่งทะเลตะวันออก,แม่น้ำเมืองตราด
NEAK,รร. บ้านหนองแอก,17.889479,103.21055,บ้านผือ,โพนพิสัย,หนองคาย,โขงตะวันออกเฉียงเหนือ,ห้วยหลวงส่วนที่ 2
NGBA,ทต.หนองบัว,15.870789,100.59733,หนองบัว,หนองบัว,นครสวรรค์,เจ้าพระยา,บึงบรเพ็ด
NGCG,ทต.หนองฉาง,15.388957,99.84503,หนองฉาง,หนองฉาง,อุทัยธานี,สะแกกรัง,แม่น้ำสะแกกรังตอนล่างส่วนที่ 3
NGCH,อบต.โบสถ์,15.27852,102.63899,โบสถ์,พิมาย,นครราชสีมา,มูล,ลำปลายมาศ
NGNG,อบต.หนองแหน,13.683341,101.32511,หนองแหน,พนมสารคาม,ฉะเชิงเทรา,บางปะกง,คลองท่าลาด
NGPH,ทต.หนองผือ,15.977614,105.03395,หนองผือ,เขมราฐ,อุบลราชธานี,โขงตะวันออกเฉียงเหนือ,แม่น้ำโขงตอนล่าง
NGPI,อบต.หนองไผ่,15.981682,101.07372,หนองไผ่,หนองไผ่,เพชรบูรณ์,ป่าสัก,แม่น้ำป่าสักส่วนที่ 3/1
NGSC,อบต.บ่อทอง,13.241681,101.48823,บ่อทอง,บ่อทอง,ชลบุรี,บางปะกง,คลองหลวง
NGSU,อบต.หนองบอนแดง,13.350206,101.15713,หนองบอนแดง,บ้านบึง,ชลบุรี,บางปะกง,ที่ราบแม่น้ำบางปะกงส่วนที่ 2
NKMT,อบต.บ่อแฮ้ว,18.31943,99.44665,บ่อแฮ้ว,เมืองลำปาง,ลำปาง,วัง,น้ำแม่ตุ๋ย
NKNN,อบต.นิคมน้ำอูน,17.204111,103.687035,นิคมน้ำอูน,นิคมน้ำอูน,สกลนคร,โขงตะวันออกเฉียงเหนือ,ห้วยน้ำอูน
NKO001,ทุ่งสง,8.174972,99.67887,ปากแพรก,ทุ่งสง,นครศรีธรรมราช,ภาคใต้ฝั่งตะวันตก,แม่น้ำตรัง
NKO002,เชียรใหญ่,8.089507,100.12789,การะเกด,เชียรใหญ่,นครศรีธรรมราช,ภาคใต้ฝั่งตะวันออกตอนบน,ภาคใต้ฝั่งตะวันออกส่วนที่ 4
NKO003,ถ้ำพรรณรา,8.391203,99.3952,ถ้ำพรรณรา,ถ้ำพรรณรา,นครศรีธรรมราช,ภาคใต้ฝั่งตะวันออกตอนบน,แม่น้ำตาปีตอนบนส่วนที่ 2
NKO004,ทุ่งใหญ่,8.414569,99.24979,บางรูป,ทุ่งใหญ่,นครศรีธรรมราช,ภาคใต้ฝั่งตะวันออกตอนบน,คลองสินปุน
NKOK,อบต.คลองตะเกรา,13.419944,101.64103,คลองตะเกรา,ท่าตะเกียบ,ฉะเชิงเทรา,บางปะกง,คลองท่าลาด
NKSG,อบต.ด่านจาก,15.165602,102.087746,ด่านจาก,โนนไทย,นครราชสีมา,มูล,ลำเชิงไกร
NKTI,ทต.นครไทย,17.101046,100.82921,นครไทย,นครไทย,พิษณุโลก,น่าน,แม่น้ำแควน้อยส่วนที่ 1
NKTP,ทต.บะยาว,17.08084,103.39911,บะยาว,วังสามหมอ,อุดรธานี,ชี,ลำปาวตอนบน
NKYG,ทต.หนองขาหย่าง,15.36231,99.938484,หนองขาหย่าง,หนองขาหย่าง,อุทัยธานี,สะแกกรัง,แม่น้ำสะแกกรังตอนล่างส่วนที่ 3
NMKH,อบต.หนองมะค่า,15.4321165,100.924484,หนองมะค่า,โคกเจริญ,ลพบุรี,ป่าสัก,ห้วยเกาะแก้ว
NMKI,ทต.หนองม่วงไข่,18.26432,100.2001,หนองม่วงไข่,หนองม่วงไข่,แพร่,ยม,แม่น้ำยมตอนกลางส่วนที่ 1
NMKO,อบต.หนองไม้กอง,16.43567,99.945076,หนองไม้กอง,ไทรงาม,กำแพงเพชร,ยม,แม่น้ำยมตอนล่างส่วนที่ 5
NMNO,อบต.น้ำหนาว,16.770222,101.669914,น้ำหนาว,น้ำหนาว,เพชรบูรณ์,ชี,ลำน้ำเชิญส่วนที่ 1
NMPR,ทต.เนินมะปราง,16.57074,100.64936,เนินมะปราง,เนินมะปราง,พิษณุโลก,น่าน,แม่น้ำน่านตอนล่างส่วนที่ 2
NMPT,ทต.น้ำปาด,17.725319,100.681404,แสนตอ,น้ำปาด,อุตรดิตถ์,น่าน,น้ำปาด
NMUB,อบต.น้ำมวบ,18.484232,100.93075,น้ำมวบ,เวียงสา,น่าน,น่าน,แม่น้ำน่านส่วนที่ 3/2
NNDG,อบต.โนนแดง,15.891222,103.07813,โนนแดง,บรบือ,มหาสารคาม,มูล,ลำพังชู
NNKO,อบต.โนนกอก,16.199286,101.93237,โนนกอก,เกษตรสมบูรณ์,ชัยภูมิ,ชี,น้ำพรหม
NNPT,อบต.วังทอง,17.320757,102.0248,วังทอง,นาวัง,หนองบัวลำภู,ชี,ลำพะเนียง
NOKG,อบต.หนองโพธิ์,15.774349,103.102844,หนองโพธิ์,นาเชือก,มหาสารคาม,มูล,ลำพังชู
NOKW,อบต.หนองพันทา,18.107357,103.41308,หนองพันทา,โซ่พิสัย,บึงกาฬ,โขงตะวันออกเฉียงเหนือ,แม่น้ำสงครามตอนบน
NONA,อบต.หนองนาง,17.695093,102.61524,หนองนาง,ท่าบ่อ,หนองคาย,โขงตะวันออกเฉียงเหนือ,แม่น้ำโขงส่วนที่ 6/2
NOPU,อบต.สุขสวัสดิ์,14.864204,104.350716,สุขสวัสดิ์,ไพรบึง,ศรีสะเกษ,มูล,ห้วยทา
NPCT,อบต.พิจิตร,6.988308,100.571526,พิจิตร,นาหม่อม,สงขลา,ทะเลสาบสงขลา,ทะเลสาบสงขลา ( ลุ่มน้ำสาขา )
NPI001,ท่าศาลา,8.786922,99.91124,สระแก้ว,ท่าศาลา,นครศรีธรรมราช,ภาคใต้ฝั่งตะวันออกตอนบน,คลองกลาย
NPI002,นบพิตำ,8.720036,99.79616,สระแก้ว,ท่าศาลา,นครศรีธรรมราช,ภาคใต้ฝั่งตะวันออกตอนบน,คลองกลาย
NPSD,อบต.ท่าแยก,13.907691,102.09395,ท่าแยก,เมืองสระแก้ว,สระแก้ว,บางปะกง,แม่น้ำพระปรงส่วนที่ 1
NSNO,อบต.หนองโสน,16.396734,100.05493,หนองโสน,สามง่าม,พิจิตร,ยม,แม่น้ำยมตอนล่างส่วนที่ 5
NSRS,โรงปรับปรุงคุณภาพน้ำฯ ทน.นครสวรรค์,15.698614,100.1369,ปากน้ำโพ,เมืองนครสวรรค์,นครสวรรค์,เจ้าพระยา,ที่ราบแม่น้ำเจ้าพระยา
NTAN,อบต.นาตาล,15.90168,105.278725,นาตาล,นาตาล,อุบลราชธานี,โขงตะวันออกเฉียงเหนือ,แม่น้ำโขงตอนล่าง
NTNG,รพสต.บ้านหนองไคร้,18.601305,98.93967,หนองตอง,หางดง,เชียงใหม่,ปิง,แม่น้ำปิงส่วนที่ 2/2
NTST,อบต.ท่าเสา,14.215995,99.08121,ท่าเสา,ไทรโยค,กาญจนบุรี,แม่กลอง,แม่น้ำแควน้อยตอนล่างส่วนที่ 2
NTTI,อบต.หนองหมื่นถ่าน,15.754068,103.917465,หนองหมื่นถ่าน,อาจสามารถ,ร้อยเอ็ด,ชี,ลำน้ำชีตอนล่าง
NYK000,องครักษ์,14.113654,101.01957,องครักษ์,องครักษ์,นครนายก,บางปะกง,แม่น้ำนครนายก
NYUN,ทต.น้ำยืน,14.499624,104.99804,สีวิเชียร,น้ำยืน,อุบลราชธานี,มูล,ลำโดมใหญ่
OMKI,อบต.อมก๋อย,17.797974,98.34144,อมก๋อย,อมก๋อย,เชียงใหม่,ปิง,น้ำแม่ตื่น
ONE001,สะพานท่าน้ำ,8.109204,98.905464,ปากน้ำ,เมืองกระบี่,กระบี่,ภาคใต้ฝั่งตะวันตก,ภาคใต้ฝั่งตะวันตกส่วนที่ 2
ONE002,สะพานข้ามคลองกระบี่ใหญ่ 1,8.18757,98.87916,ทับปริก,เมืองกระบี่,กระบี่,ภาคใต้ฝั่งตะวันตก,ภาคใต้ฝั่งตะวันตกส่วนที่ 2
ONE003,สะพานคลองอิปัน,8.525812,98.88183,ปลายพระยา,ปลายพระยา,กระบี่,ภาคใต้ฝั่งตะวันออกตอนบน,คลองอิปัน
ONE004,สะพานข้ามคลองตะโก,10.077719,98.98687,ตะโก,ทุ่งตะโก,ชุมพร,ภาคใต้ฝั่งตะวันออกตอนบน,ภาคใต้ฝั่งตะวันออกตอนบนส่วนที่ 2
ONE005,สะพานหนองจิก-วังปลา,10.112894,99.07552,ช่องไม้แก้ว,ทุ่งตะโก,ชุมพร,ภาคใต้ฝั่งตะวันออกตอนบน,ภาคใต้ฝั่งตะวันออกตอนบนส่วนที่ 2
ONE006,ปตร.ธรณิศนฤมิต-เหนือน้ำ,16.92315,104.71618,น้ำก่ำ,ธาตุพนม,นครพนม,โขงตะวันออกเฉียงเหนือ,ห้วยน้ำก่ำ
ONE007,ปตร.ธรณิศนฤมิต-ท้ายน้ำ,16.92222,104.71622,น้ำก่ำ,ธาตุพนม,นครพนม,โขงตะวันออกเฉียงเหนือ,ห้วยน้ำก่ำ
ONE008,ปตร. ห้วยแคน-เหนือน้ำ,16.92842,104.72051,ธาตุพนม,ธาตุพนม,นครพนม,โขงตะวันออกเฉียงเหนือ,ห้วยน้ำก่ำ
ONE009,ปตร. ห้วยแคน-ท้ายน้ำ,16.92798,104.7203,ธาตุพนม,ธาตุพนม,นครพนม,โขงตะวันออกเฉียงเหนือ,ห้วยน้ำก่ำ
ONE010,สะพานบ้านแก่งโพธิ์,16.929127,104.70069,น้ำก่ำ,ธาตุพนม,นครพนม,โขงตะวันออกเฉียงเหนือ,ห้วยน้ำก่ำ
ONE011,ปตร.บ้านนาคู่-เหนือน้ำ,16.96218,104.52514,นาคู่,นาแก,นครพนม,โขงตะวันออกเฉียงเหนือ,ห้วยน้ำก่ำ
ONE012,ปตร. บ้านนาคู่-ท้ายน้ำ,16.96175,104.52583,นาคู่,นาแก,นครพนม,โขงตะวันออกเฉียงเหนือ,ห้วยน้ำก่ำ
ONE013,สะพานมิตรภาพท่าลาดปากบัง,16.992975,104.59141,ท่าลาด,เรณูนคร,นครพนม,โขงตะวันออกเฉียงเหนือ,ห้วยน้ำก่ำ
ONE014,ปตร. บ้านนาขาม-เหนือน้ำ,17.00136,104.42568,วังยาง,วังยาง,นครพนม,โขงตะวันออกเฉียงเหนือ,ห้วยน้ำก่ำ
ONE016,สะพานน้ำก่ำ บ้านหนองแคน,17.05724,104.36371,ยอดชาด,วังยาง,นครพนม,โขงตะวันออกเฉียงเหนือ,ห้วยน้ำก่ำ
ONE018,ปตร. บ้านนาบัว-ท้ายน้ำ,17.06482,104.57887,โคกหินแฮ่,เรณูนคร,นครพนม,โขงตะวันออกเฉียงเหนือ,ห้วยน้ำก่ำ
ONE019,ปตร.บ้านตับเต่า-เหนือน้ำ,17.11538,104.53789,หนองเทาใหญ่,ปลาปาก,นครพนม,โขงตะวันออกเฉียงเหนือ,ห้วยน้ำก่ำ
ONE020,ปตร. บ้านตับเต่า-ท้ายน้ำ,17.11483,104.53838,หนองเทาใหญ่,ปลาปาก,นครพนม,โขงตะวันออกเฉียงเหนือ,ห้วยน้ำก่ำ
ONE021,คลองเชียงไกร บ้านดอน,15.225133,101.762184,ด่านขุนทด,ด่านขุนทด,นครราชสีมา,มูล,ลำเชิงไกร
ONE022,คลองสามบาท บ้านกุดพิมาน,15.310626,101.744,กุดพิมาน,ด่านขุนทด,นครราชสีมา,มูล,ลำเชิงไกร
ONE023,สะพานข้ามคลองท่าแพ,8.166412,99.704285,ปากแพรก,ทุ่งสง,นครศรีธรรมราช,ภาคใต้ฝั่งตะวันตก,แม่น้ำตรัง
ONE024,สะพานข้ามคลองบางม่วง,7.365291,100.279625,ฝาละมี,ปากพะยูน,พัทลุง,ทะเลสาบสงขลา,ทะเลหลวง
ONE025,สะพานข้ามคลองลำปำ,7.62277,100.14689,ลำปำ,เมืองพัทลุง,พัทลุง,ทะเลสาบสงขลา,ทะเลหลวง
ONE026,สะพานข้ามแม่น้ำยมสายเก่า-บ้านวังน้ำบ่อ,17.01305,100.0605,วังวน,พรหมพิราม,พิษณุโลก,ยม,คลองบางแก้ว
ONE028,ปตร. บ้านหนองบึง-เหนือน้ำ,17.081032,104.36085,ด่านม่วงคำ,โคกศรีสุพรรณ,สกลนคร,โขงตะวันออกเฉียงเหนือ,ห้วยน้ำก่ำ
ONE029,ปตร. บ้านหนองบึง-ท้ายน้ำ,17.080126,104.36071,ด่านม่วงคำ,โคกศรีสุพรรณ,สกลนคร,โขงตะวันออกเฉียงเหนือ,ห้วยน้ำก่ำ
ONE030,สะพานขามคลองเตียก,17.126007,104.14096,ดงมะไฟ,เมืองสกลนคร,สกลนคร,โขงตะวันออกเฉียงเหนือ,น้ำพุง
ONE033,สะพานข้ามคลองโมง,17.166725,104.11901,ธาตุเชิงชุม,เมืองสกลนคร,สกลนคร,โขงตะวันออกเฉียงเหนือ,น้ำพุง
ONE034,สะพานข้ามห้วยสมอ,17.208967,104.10179,ธาตุนาเวง,เมืองสกลนคร,สกลนคร,โขงตะวันออกเฉียงเหนือ,น้ำพุง
ONE035,สะพานข้ามคลองเทพา,6.5340877,100.96343,จะแหน,สะบ้าย้อย,สงขลา,ทะเลสาบสงขลา,คลองเทพา
ONE036,สะพานเทพาสันติสุข,6.825141,100.972626,เทพา,เทพา,สงขลา,ทะเลสาบสงขลา,คลองเทพา
ONE037,สะพานข้ามคลองอู่ตะเภา,7.1350408,100.45319,คูเต่า,หาดใหญ่,สงขลา,ทะเลสาบสงขลา,ทะเลสาบสงขลา ( ลุ่มน้ำสาขา )
ONE038,สะพานสวนเฉลิมพระเกียรติ 72 พรรษามหาราชินี,7.1827664,100.59454,หัวเขา,สิงหนคร,สงขลา,ทะเลสาบสงขลา,ทะเลสาบสงขลา ( ลุ่มน้ำสาขา )
ONE039,สะพานข้ามคลองระโนด,7.769897,100.30211,ระโนด,ระโนด,สงขลา,ทะเลสาบสงขลา,ทะเลหลวง
ONE040,สะพานข้ามแม่น้ำยมสายเก่า-ตำบลไกรใน,17.0742,100.006,ไกรใน,กงไกรลาศ,สุโขทัย,ยม,คลองบางแก้ว
ONE041,สะพานข้ามแม่น้ำยมสายเก่า-วัดปากน้ำ,17.2195,99.8895,ปากน้ำ,สวรรคโลก,สุโขทัย,ยม,แม่น้ำยมตอนล่างส่วนที่ 2
ONE042,สะพานคลองแม่น้ำเก่า,17.3414,99.8555,ในเมือง,สวรรคโลก,สุโขทัย,ยม,แม่น้ำยมตอนล่างส่วนที่ 2
ONE043,สะพานผันน้ำยม-น่าน1,17.3674,99.8759,ในเมือง,สวรรคโลก,สุโขทัย,ยม,แม่น้ำยมตอนล่างส่วนที่ 2
ONE045,สะพานข้ามคลองปากหมาก,9.492312,98.919945,ปากหมาก,ไชยา,สุราษฎร์ธานี,ภาคใต้ฝั่งตะวันออกตอนบน,ภาคใต้ฝั่งตะวันออกส่วนที่ 2
ONE046,สะพานข้ามคลองท่าชนะ,9.576609,99.12949,คลองพา,ท่าชนะ,สุราษฎร์ธานี,ภาคใต้ฝั่งตะวันออกตอนบน,ภาคใต้ฝั่งตะวันออกส่วนที่ 2
ONE048,สะพานผันน้ำยม-น่าน2,17.321,100.012,คอรุม,พิชัย,อุตรดิตถ์,ยม,คลองบางแก้ว
ONE049,อ่างเก็บน้ำบางกำปรัด,8.221991,99.19775,สินปุน,เขาพนม,กระบี่,ภาคใต้ฝั่งตะวันออกตอนบน,คลองสินปุน
ONE050,โรงเรียนบ้านห้วยแดง,16.548231,104.20809,กุดหว้า,กุฉินารายณ์,กาฬสินธุ์,ชี,ลำน้ำยัง
ONE052,รพ.สต. คำเหมือดแก้ว,16.533295,103.205505,คำเหมือดแก้ว,ห้วยเม็ก,กาฬสินธุ์,ชี,ลำปาวตอนล่าง
ONE053,รพ.สต.บ้านหนองโบสถ์,14.41085,102.18653,บ้านใหม่,ครบุรี,นครราชสีมา,มูล,ลำแซะ
ONE054,โรงเรียนบ้านโนนเต็ง,15.48767,102.23801,โนนเต็ง,คง,นครราชสีมา,มูล,ลำสะแทดส่วนที่ 1
ONE055,โรงเรียนบ้านหนองปรือโป่ง,15.603766,102.217926,โคกกระเบื้อง,บ้านเหลื่อม,นครราชสีมา,ชี,ลำน้ำชีส่วนที่ 2/2
ONE056,โรงเรียนชินวงศ์อุปถัมภ์,14.77695,101.72,มะเกลือใหม่,สูงเนิน,นครราชสีมา,มูล,ลำตะคอง
ONE057,ทต.ตะขบ,14.62965,101.8521,ตะขบ,ปักธงชัย,นครราชสีมา,มูล,ลำพระเพลิง
ONE058,โรงเรียนบ้านคลองครก,13.133201,101.81679,พวา,แก่งหางแมว,จันทบุรี,ชายฝั่งทะเลตะวันออก,คลองโตนด
ONE059,วัดโคกตะพง (แกลง),12.78072,102.17294,วังแซ้ม,มะขาม,จันทบุรี,ชายฝั่งทะเลตะวันออก,แม่น้ำจันทบุรี
ONE060,วัดสันติธรรมคีรี (วัดเขาหินโค่ง),12.971503,101.99668,คลองพลู,เขาคิชฌกูฏ,จันทบุรี,ชายฝั่งทะเลตะวันออก,แม่น้ำจันทบุรี
ONE061,โรงเรียนบ้านตลาดเนินหิน,13.298713,101.36019,ธาตุทอง,บ่อทอง,ชลบุรี,บางปะกง,คลองหลวง
ONE063,โรงเรียนวัดหนองน้ำเขียว,13.234713,101.11688,คลองกิ่ว,บ้านบึง,ชลบุรี,บางปะกง,ที่ราบแม่น้ำบางปะกงส่วนที่ 2
ONE064,สำนักสงฆ์โสธรรมนิมิตร,13.168436,101.03034,บางพระ,ศรีราชา,ชลบุรี,ชายฝั่งทะเลตะวันออก,ชายฝั่งทะเลตะวันออก (ลุ่มน้ำสาขา 1)
ONE065,โรงเรียนบ้านฉนวน,16.300055,102.26176,บ้านดอน,ภูเขียว,ชัยภูมิ,ชี,ลำน้ำเชิญส่วนที่ 2
ONE066,วัดทุ่งตอง,12.5147,102.58968,นนทรีย์,บ่อไร่,ตราด,ชายฝั่งทะเลตะวันออก,แม่น้ำเมืองตราด
ONE067,รพ.สต.บ้านคลองขวาง,12.34453,102.64186,ท่ากุ่ม,เมืองตราด,ตราด,ชายฝั่งทะเลตะวันออก,ชายฝั่งทะเลตะวันออก (ลุ่มน้ำสาขา 5)
ONE068,วัดถ้ำเขาช้าง,16.870367,104.552444,พิมาน,นาแก,นครพนม,โขงตะวันออกเฉียงเหนือ,ห้วยน้ำก่ำ
ONE069,โรงเรียนบ้านนาดอกไม้,17.177198,104.608246,กุตาไก้,ปลาปาก,นครพนม,โขงตะวันออกเฉียงเหนือ,แม่น้ำโขงส่วนที่ 8
ONE070,ที่พักสงฆ์ถ้ำตาชาย,16.92307,104.39273,ก้านเหลือง,นาแก,นครพนม,โขงตะวันออกเฉียงเหนือ,ห้วยน้ำก่ำ
ONE071,โรงเรียนบ้านหินเทิน,14.06423,102.0096,แก่งดินสอ,นาดี,ปราจีนบุรี,บางปะกง,แม่น้ำหนุมาน
ONE072,รพ.สต.ราษฎร์รักแดน,14.2470255,102.93663,หนองแวง,ละหานทราย,บุรีรัมย์,มูล,ลำปะเทีย
ONE073,โรงเรียนบ้านสายโท ๔ ใต้,14.34108,103.17558,จันทบเพชร,บ้านกรวด,บุรีรัมย์,มูล,ลำชี
ONE074,วัดนิคมประชาสรรค์ (วัดวังไทรดิ่ง),11.935951,99.71079,อ่าวน้อย,เมืองประจวบคีรีขันธ์,ประจวบคีรีขันธ์,เพชรบุรี-ประจวบคีรีขันธ์,ชายฝั่งทะเลประจวบคีรีขันธ์ส่วนที่ 1
ONE075,อ่างเก็บน้ำคลองช่องลม,11.565033,99.52905,เขาล้าน,ทับสะแก,ประจวบคีรีขันธ์,เพชรบุรี-ประจวบคีรีขันธ์,ชายฝั่งทะเลประจวบคีรีขันธ์ส่วนที่ 1
ONE076,วัดห้วยเกษียร,14.181144,101.413666,เนินหอม,เมืองปราจีนบุรี,ปราจีนบุรี,บางปะกง,แม่น้ำปราจีนบุรีตอนล่าง
ONE077,วัดบ้านห้วยชัน,13.98661,102.43689,ช่องกุ่ม,วัฒนานคร,สระแก้ว,บางปะกง,แม่น้ำพระปรงส่วนที่ 1
ONE078,วัดวังปลาช่อน,13.241896,99.65333,ยางหัก,ปากท่อ,ราชบุรี,เพชรบุรี-ประจวบคีรีขันธ์,ห้วยแม่ประจัน
ONE079,โรงเรียนบ้านห้วยไผ่,12.759083,99.6146,กลัดหลวง,ท่ายาง,เพชรบุรี,เพชรบุรี-ประจวบคีรีขันธ์,แม่น้ำเพชรบุรีตอนบน
ONE080,โรงเรียนบ้านเขาอ่างแก้ว,12.668839,99.65604,เขากระปุก,ท่ายาง,เพชรบุรี,เพชรบุรี-ประจวบคีรีขันธ์,แม่น้ำเพชรบุรีตอนบน
ONE081,เขื่อนบางวาด,7.8906183,98.33839,กะทู้,กะทู้,ภูเก็ต,ภาคใต้ฝั่งตะวันตก,เกาะภูเก็ต
ONE082,อ่างเก็บน้ำบางเหนียวดำ,7.969104,98.33397,ศรีสุนทร,ถลาง,ภูเก็ต,ภาคใต้ฝั่งตะวันตก,เกาะภูเก็ต
ONE083,โรงเรียนบำรุงพงศ์อุปถัมป์,16.341154,104.520805,โชคชัย,นิคมคำสร้อย,มุกดาหาร,โขงตะวันออกเฉียงเหนือ,ห้วยบังอี้
ONE084,โรงเรียนบ้านหนองเม็ก,16.226288,104.77597,ป่าไร่,ดอนตาล,มุกดาหาร,โขงตะวันออกเฉียงเหนือ,แม่น้ำโขงตอนล่าง
ONE085,โรงเรียนบ้านวังนอง,16.461332,104.260345,โนนยาง,หนองสูง,มุกดาหาร,ชี,ลำน้ำยัง
ONE086,โรงเรียนบ้านโสก,16.798069,104.51644,ดงหลวง,ดงหลวง,มุกดาหาร,โขงตะวันออกเฉียงเหนือ,แม่น้ำโขงส่วนที่ 9
ONE087,ที่พักสงฆ์ดานหินแตก,16.12561,104.75075,บุ่งค้า,เลิงนกทา,ยโสธร,โขงตะวันออกเฉียงเหนือ,แม่น้ำโขงตอนล่าง
ONE088,โรงเรียนบ้านเหมืองแร่,12.880679,101.78456,น้ำเป็น,เขาชะเมา,ระยอง,ชายฝั่งทะเลตะวันออก,แม่น้ำประแส
ONE089,โรงเรียนบ้านสีระมัน,13.038765,101.66168,ห้วยทับมอญ,เขาชะเมา,ระยอง,ชายฝั่งทะเลตะวันออก,แม่น้ำประแส
ONE090,รพ.สต.บ้านชากหมาก,12.796784,101.027664,สำนักท้อน,บ้านฉาง,ระยอง,ชายฝั่งทะเลตะวันออก,ชายฝั่งทะเลตะวันออก (ลุ่มน้ำสาขา 1)
ONE091,อบต.ปลวกแดง,12.970079,101.20457,ปลวกแดง,ปลวกแดง,ระยอง,ชายฝั่งทะเลตะวันออก,คลองใหญ่
ONE092,ที่พักสงฆ์ถ้ำบังบด,16.68307,104.15915,คุ้มเก่า,เขาวง,กาฬสินธุ์,ชี,ลำน้ำยัง
ONE093,รพ.สต.ทับทิมสยาม 07,14.48693,104.45375,บักดอง,ขุนหาญ,ศรีสะเกษ,มูล,ห้วยทา
ONE094,โรงเรียนบ้านหลุบเลา,16.871305,103.99223,หลุบเลา,ภูพาน,สกลนคร,โขงตะวันออกเฉียงเหนือ,น้ำพุง
ONE095,โรงเรียนบ้านกวนบุ่น,16.90026,104.18291,จันทร์เพ็ญ,เต่างอย,สกลนคร,โขงตะวันออกเฉียงเหนือ,ห้วยบางทราย
ONE096,โรงเรียนบ้านนาคำวิทยาคาร,17.12043,104.05047,ห้วยยาง,เมืองสกลนคร,สกลนคร,โขงตะวันออกเฉียงเหนือ,น้ำพุง
ONE097,โรงเรียนบ้านภูเพ็ก,17.214945,103.953316,นาหัวบ่อ,พรรณานิคม,สกลนคร,โขงตะวันออกเฉียงเหนือ,ห้วยน้ำอูน
ONE098,เทศบาลตำบลท่าพระยา,6.62463,100.94688,สะบ้าย้อย,สะบ้าย้อย,สงขลา,ทะเลสาบสงขลา,คลองเทพา
ONE099,โรงเรียนบ้านคลองยายอินทร์,13.383293,102.12725,วังทอง,วังสมบูรณ์,สระแก้ว,บางปะกง,คลองพระสทึง
ONE100,วัดคลองคันโท,13.94595,102.28505,หนองตะเคียนบอน,วัฒนานคร,สระแก้ว,บางปะกง,แม่น้ำพระปรงส่วนที่ 1
ONE101,รพ.สต.จรัส,14.431469,103.96214,จรัส,บัวเชด,สุรินทร์,มูล,ห้วยสำราญ
ONE103,โรงเรียนบ้านโนนหนามแท่ง,15.927166,104.62816,โนนหนามแท่ง,เมืองอำนาจเจริญ,อำนาจเจริญ,มูล,ลำเซบายส่วนที่ 2
ONE104,โรงเรียนบ้านภูเขาขาม,15.939905,104.78426,คึมใหญ่,เมืองอำนาจเจริญ,อำนาจเจริญ,โขงตะวันออกเฉียงเหนือ,แม่น้ำโขงตอนล่าง
ONE105,โรงเรียนบ้านหนองอ้อน้อย,17.356894,102.60081,หนองบัวบาน,หนองวัวซอ,อุดรธานี,โขงตะวันออกเฉียงเหนือ,ห้วยหลวงส่วนที่ 1
ONE106,โรงเรียนหนองแวงจุมพล,17.041033,102.62487,กุดหมากไฟ,หนองวัวซอ,อุดรธานี,โขงตะวันออกเฉียงเหนือ,ห้วยหลวงส่วนที่ 1
ONE107,อบต.โดมประดิษฐ์,14.420176,105.1798,โดมประดิษฐ์,น้ำยืน,อุบลราชธานี,มูล,ลำโดมใหญ่
PADT,ทต.ป่าแดด,19.496002,99.9953,ป่าแดด,ป่าแดด,เชียงราย,โขงเหนือ,แม่น้ำพุง
PAI001,เมืองแม่ฮ่องสอน,19.366999,97.96668,ปางหมู,เมืองแม่ฮ่องสอน,แม่ฮ่องสอน,สาละวิน,น้ำแม่ปายตอนล่างส่วนที่ 2
PAI002,ปาย,19.37388,98.43969,เวียงเหนือ,ปาย,แม่ฮ่องสอน,สาละวิน,น้ำแม่ปายตอนบน
PAII,บ้านสันติชล,19.370138,98.39306,เวียงใต้,ปาย,แม่ฮ่องสอน,สาละวิน,น้ำแม่ปายตอนบน
PANC,สุสานคริสเตียน,19.561518,99.74109,เมืองพาน,พาน,เชียงราย,โขงเหนือ,แม่น้ำพุง
PANG,อบต.ปากพนังฝั่งตะวันออก,8.38819,100.23188,ปากพนังฝั่งตะวันออก,ปากพนัง,นครศรีธรรมราช,ภาคใต้ฝั่งตะวันออกตอนบน,ภาคใต้ฝั่งตะวันออกส่วนที่ 4
PAS001,หล่มสัก,16.78148,101.24671,หล่มสัก,หล่มสัก,เพชรบูรณ์,ป่าสัก,แม่น้ำป่าสักตอนบน
PAS002,เมืองเพชรบูรณ์,16.447943,101.17014,สะเดียง,เมืองเพชรบูรณ์,เพชรบูรณ์,ป่าสัก,แม่น้ำป่าสักส่วนที่ 2
PAS003,หนองไผ่,16.11501,101.097084,นาเฉลียง,หนองไผ่,เพชรบูรณ์,ป่าสัก,แม่น้ำป่าสักส่วนที่ 3/1
PAS008,ท่าเรือ,14.5601425,100.71988,ท่าเรือ,ท่าเรือ,พระนครศรีอยุธยา,ป่าสัก,แม่น้ำป่าสักตอนล่างส่วนที่ 2
PAS009,นครหลวง,14.40271,100.5864,บ่อโพง,นครหลวง,พระนครศรีอยุธยา,ป่าสัก,แม่น้ำป่าสักตอนล่างส่วนที่ 2
PASG,ทต.ป่าซาง,18.518118,98.93949,ป่าซาง,ป่าซาง,ลำพูน,ปิง,น้ำแม่กวง
PAT001,บันนังสตา,6.262088,101.26825,บันนังสตา,บันนังสตา,ยะลา,ภาคใต้ฝั่งตะวันออกตอนล่าง,แม่น้ำปัตตานีตอนล่าง
PAT002,เมืองยะลา,6.675259,101.28636,ตาเซะ,เมืองยะลา,ยะลา,ภาคใต้ฝั่งตะวันออกตอนล่าง,แม่น้ำปัตตานีตอนล่าง
PGKH,ทต.พังโคน,17.398674,103.714294,พังโคน,พังโคน,สกลนคร,โขงตะวันออกเฉียงเหนือ,ห้วยน้ำอูน
PHKD,อบต.ศรีฐาน,16.877138,101.861404,ศรีฐาน,ภูกระดึง,เลย,ชี,ลำน้ำพองตอนบนส่วนที่ 1
PHON,อบต.โนนข่า,15.781359,102.596535,โนนข่า,พล,ขอนแก่น,มูล,ห้วยเอก
PHPS,อบต.จุมพล,18.059086,103.08175,จุมพล,โพนพิสัย,หนองคาย,โขงตะวันออกเฉียงเหนือ,แม่น้ำโขงส่วนที่ 7/2
PICI,อบต.ในเมือง,17.295967,100.10068,ในเมือง,พิชัย,อุตรดิตถ์,น่าน,แม่น้ำน่านส่วนที่ 4/2
PIN001,บ้านตาก,17.04065,99.06627,ตากตก,บ้านตาก,ตาก,ปิง,แม่น้ำปิงส่วนที่ 4/2
PIN002,เมืองตาก,16.786549,99.18397,ประดาง,วังเจ้า,ตาก,ปิง,แม่น้ำปิงส่วนที่ 4/3
PIN003,สะพานลานดอกไม้,16.628176,99.43255,ลานดอกไม้,เมืองกำแพงเพชร,กำแพงเพชร,ปิง,แม่น้ำปิงส่วนที่ 4/5
PIN004,ขาณุวรลักษบุรี,16.064789,99.860275,ป่าพุทรา,ขาณุวรลักษบุรี,กำแพงเพชร,ปิง,แม่น้ำปิงตอนล่าง
PIN005,เก้าเลี้ยว,15.850501,100.05206,หัวดง,เก้าเลี้ยว,นครสวรรค์,ปิง,แม่น้ำปิงตอนล่าง
PIN006,เมืองกำแพงเพชร (P7A),16.47815,99.51863,นครชุม,เมืองกำแพงเพชร,กำแพงเพชร,ปิง,แม่น้ำปิงตอนล่าง
PKTI,ทต.พรานกระต่าย,16.65376,99.575806,พรานกระต่าย,พรานกระต่าย,กำแพงเพชร,ยม,แม่น้ำยมตอนล่างส่วนที่ 4
PLTL,อบต.พลูตาหลวง,12.698574,100.97621,พลูตาหลวง,สัตหีบ,ชลบุรี,ชายฝั่งทะเลตะวันออก,ชายฝั่งทะเลตะวันออก (ลุ่มน้ำสาขา 1)
PMPA,อบต.ปางมะผ้า,19.590637,98.215004,ปางมะผ้า,ปางมะผ้า,แม่ฮ่องสอน,สาละวิน,น้ำแม่ปายตอนล่างส่วนที่ 1
PMPN,ศูนย์ดูแลผู้สูงอายุ ทต.สามเงา,17.224894,99.05114,สามเงา,สามเงา,ตาก,ปิง,แม่น้ำปิงส่วนที่ 4/1
PNCR,อบต.ป่าแฝก,18.063063,103.73638,ป่าแฝก,พรเจริญ,บึงกาฬ,โขงตะวันออกเฉียงเหนือ,ห้วยฮี้
PNRN,ทต.โป่งน้ำร้อน,12.905131,102.26644,โป่งน้ำร้อน,โป่งน้ำร้อน,จันทบุรี,โตนเลสาป,โตนเลสาปตอนล่าง
POCE,อบต.กกสะทอน,17.0895,101.11008,กกสะทอน,ด่านซ้าย,เลย,โขงตะวันออกเฉียงเหนือ,น้ำหมัน
POCG,ทต.เขาโจด,14.662373,99.34231,เขาโจด,ศรีสวัสดิ์,กาญจนบุรี,แม่กลอง,ห้วยตะเพิน
PONG,ทต.ปง,19.149967,100.265526,ปง,ปง,พะเยา,ยม,แม่น้ำยมตอนบนส่วนที่ 2
PPAN,ทต.โคกภู,17.006287,103.91594,โคกภู,ภูพาน,สกลนคร,โขงตะวันออกเฉียงเหนือ,ห้วยน้ำอูน
PPCT,อบต.พบพระ,16.416182,98.68693,พบพระ,พบพระ,ตาก,สาละวิน,แม่น้ำเมยตอนบน
PPRM,อบต.พรหมพิราม,17.021698,100.192116,พรหมพิราม,พรหมพิราม,พิษณุโลก,น่าน,แม่น้ำน่านส่วนที่ 4/2
PPTC,อบต.โพธิ์ประทับช้าง,16.310629,100.29539,โพธิ์ประทับช้าง,โพธิ์ประทับช้าง,พิจิตร,ยม,แม่น้ำยมตอนล่างส่วนที่ 5
PRC001,กบินทร์บุรี,13.986638,101.705475,กบินทร์,กบินทร์บุรี,ปราจีนบุรี,บางปะกง,แม่น้ำปราจีนบุรีตอนล่าง
PRC002,เมืองปราจีนบุรี,14.053526,101.38687,หน้าเมือง,เมืองปราจีนบุรี,ปราจีนบุรี,บางปะกง,แม่น้ำปราจีนบุรีตอนล่าง
PRC003,นาดี,14.133589,101.72767,สะพานหิน,นาดี,ปราจีนบุรี,บางปะกง,แม่น้ำหนุมาน
PRC004,ประจันตคาม (KGT7A),14.07091,101.51891,ประจันตคาม,ประจันตคาม,ปราจีนบุรี,บางปะกง,แม่น้ำปราจีนบุรีตอนล่าง
PRC005,ศรีมหาโพธิ (KGT6),13.973438,101.51753,บ้านทาม,ศรีมหาโพธิ,ปราจีนบุรี,บางปะกง,แม่น้ำปราจีนบุรีตอนล่าง
PRGB,อบต.ปากแคว,17.014046,99.814186,ปากแคว,เมืองสุโขทัย,สุโขทัย,ยม,น้ำแม่รำพัน
PRST,อบต.กังแอน,14.645353,103.43628,กังแอน,ปราสาท,สุรินทร์,มูล,ลำชี
PRUK,อบต.พระรักษ์,9.896231,98.88711,พระรักษ์,พะโต๊ะ,ชุมพร,ภาคใต้ฝั่งตะวันออกตอนบน,คลองหลังสวน
PSLI,ทต.ไพศาลี,15.600129,100.65722,ไพศาลี,ไพศาลี,นครสวรรค์,เจ้าพระยา,บึงบรเพ็ด
PSLT,อบต.โพธิ์ทอง,16.120998,99.52572,โพธิ์ทอง,ปางศิลาทอง,กำแพงเพชร,ปิง,แม่น้ำปิงตอนล่าง
PTLE,ทต.โพทะเล,16.093773,100.260086,โพทะเล,โพทะเล,พิจิตร,ยม,แม่น้ำยมตอนล่างส่วนที่ 5
PTWY,สวนสาธารณะหนองถิ่น ทม.หนองคาย,17.877045,102.727104,ในเมือง,เมืองหนองคาย,หนองคาย,โขงตะวันออกเฉียงเหนือ,แม่น้ำโขงส่วนที่ 6/2
PTYS,อบต.หนองกุงธนสาร,16.63871,102.42059,หนองกุงธนสาร,ภูเวียง,ขอนแก่น,ชี,ลำน้ำพองตอนบนส่วนที่ 3
PUAA,อบต.ไชยวัฒนา,19.222498,100.917786,ไชยวัฒนา,ปัว,น่าน,น่าน,แม่น้ำน่านตอนบน
PVEE,ทต.ปัถวี,12.742615,102.23268,ปัถวี,มะขาม,จันทบุรี,ชายฝั่งทะเลตะวันออก,แม่น้ำจันทบุรี
PYMR,ทต.พญาเม็งราย,19.839249,100.16924,เม็งราย,พญาเม็งราย,เชียงราย,โขงเหนือ,แม่น้ำอิงตอนล่าง
PYO001,ท้ายกว๊านพะเยา,19.159813,99.91413,เวียง,เมืองพะเยา,พะเยา,โขงเหนือ,แม่น้ำอิงตอนบน
RAWE,อบต.ระเว,15.310064,105.279106,ระเว,พิบูลมังสาหาร,อุบลราชธานี,มูล,ลำน้ำมูลตอนล่างส่วนที่ 1
RAY001,เมืองแกลง,12.803016,101.65024,บ้านนา,แกลง,ระยอง,ชายฝั่งทะเลตะวันออก,แม่น้ำประแส
RAY002,หนองบัว,12.849211,101.30128,หนองบัว,บ้านค่าย,ระยอง,ชายฝั่งทะเลตะวันออก,คลองใหญ่
RAY003,ทับมา,12.73787,101.22844,ทับมา,เมืองระยอง,ระยอง,ชายฝั่งทะเลตะวันออก,คลองใหญ่
RAY004,บ้านค่าย,12.706833,101.30044,ตาขัน,บ้านค่าย,ระยอง,ชายฝั่งทะเลตะวันออก,คลองใหญ่
RBPI,ทต.กรอกสมบูรณ์,13.774893,101.658485,กรอกสมบูรณ์,ศรีมหาโพธิ,ปราจีนบุรี,บางปะกง,คลองท่าลาด
RFBK,ทต.ท่าข้าม,13.478545,100.99399,ท่าข้าม,บางปะกง,ฉะเชิงเทรา,บางปะกง,ที่ราบแม่น้ำบางปะกงส่วนที่ 2
RGKG,อบต.ร้องกวาง,18.35879,100.333885,ร้องกวาง,ร้องกวาง,แพร่,ยม,น้ำแม่คำมี
RIKK,อบต.รอบเวียง,19.915018,99.87799,รอบเวียง,เมืองเชียงราย,เชียงราย,โขงเหนือ,น้ำแม่กกตอนล่างส่วนที่ 2
RMMI,วัดวังตะเคียน,16.711487,98.50665,ท่าสายลวด,แม่สอด,ตาก,สาละวิน,แม่น้ำเมยตอนบน
RNG001,เมืองระนอง,9.961652,98.64457,เขานิเวศน์,เมืองระนอง,ระนอง,ภาคใต้ฝั่งตะวันตก,ภาคใต้ฝั่งตะวันตกตอนบน
RNGH,ทม.ระนอง,9.960391,98.63779,เขานิเวศน์,เมืองระนอง,ระนอง,ภาคใต้ฝั่งตะวันตก,ภาคใต้ฝั่งตะวันตกตอนบน
SACS,ทต.อัคคะคำ,16.380875,103.75481,อัคคะคำ,โพธิ์ชัย,ร้อยเอ็ด,ชี,ลำปาวตอนล่าง
SAY001,สุคิริน,5.9393053,101.77468,สุคิริน,สุคิริน,นราธิวาส,ภาคใต้ฝั่งตะวันออกตอนล่าง,แม่น้ำสายบุรี
SAY002,ศรีสาคร,6.2272553,101.49692,ศรีสาคร,ศรีสาคร,นราธิวาส,ภาคใต้ฝั่งตะวันออกตอนล่าง,แม่น้ำสายบุรี
SBRS,ทต.บ้านปง,18.750322,98.889725,บ้านปง,หางดง,เชียงใหม่,ปิง,แม่น้ำปิงส่วนที่ 2/2
SENM,ทต.เสริมงาม,18.066257,99.24944,ทุ่งงาม,เสริมงาม,ลำปาง,วัง,น้ำแม่ต่ำ
SGKM,ทต.สังคม,18.068592,102.26269,สังคม,สังคม,หนองคาย,โขงตะวันออกเฉียงเหนือ,แม่น้ำโขงส่วนที่ 5
SGKW,อบต.นาไร่หลวง,19.367056,100.700836,นาไร่หลวง,สองแคว,น่าน,น่าน,ห้วยน้ำยาว (1)
SGMN,ศูนย์พัฒนาเด็กเล็ก อบต.สูงเม่น,18.062641,100.09524,สูงเม่น,สูงเม่น,แพร่,ยม,แม่น้ำยมตอนกลางส่วนที่ 2
SISU,อบต.ศรีละกอ,14.947535,102.40288,ศรีละกอ,จักราช,นครราชสีมา,มูล,ลำจักรราช
SITP,อบต.ศรีเทพ,15.437905,101.16249,ศรีเทพ,ศรีเทพ,เพชรบูรณ์,ป่าสัก,แม่น้ำป่าสักส่วนที่ 3/2
SKBI,อบต.หนองลู,15.1954975,98.46124,หนองลู,สังขละบุรี,กาญจนบุรี,แม่กลอง,แม่น้ำแควน้อยตอนบนส่วนที่ 1
SKE001,คลองพระปรง,13.937334,101.92216,บ้านแก้ง,เมืองสระแก้ว,สระแก้ว,บางปะกง,แม่น้ำพระปรงส่วนที่ 1
SKE002,เมืองสระแก้ว,13.809593,102.05429,สระขวัญ,เมืองสระแก้ว,สระแก้ว,บางปะกง,คลองพระสทึง
SKE003,คลองพรหมโหด,13.705829,102.48168,บ้านใหม่หนองไทร,อรัญประเทศ,สระแก้ว,โตนเลสาป,ห้วยพรมโหด
SKG002,เมืองอุทัยธานี,15.370821,100.04418,อุทัยใหม่,เมืองอุทัยธานี,อุทัยธานี,สะแกกรัง,แม่น้ำสะแกกรังตอนล่างส่วนที่ 3
SKG003,สะพานต้นน้ำ (เกาะแก้ว-ตลิ่งสูง),15.914381,99.41935,ปางมะค่า,ขาณุวรลักษบุรี,กำแพงเพชร,สะแกกรัง,น้ำแม่วง
SKG004,สะพานแม่เล่ย์,15.841719,99.418076,แม่เล่ย์,แม่วงก์,นครสวรรค์,สะแกกรัง,น้ำแม่วง
SKG005,สะพานแม่วงก์,15.901767,99.47039,ปางมะค่า,ขาณุวรลักษบุรี,กำแพงเพชร,สะแกกรัง,น้ำแม่วง
SKG007,คลองกลาง,15.7832365,99.65319,ศาลเจ้าไก่ต่อ,ลาดยาว,นครสวรรค์,สะแกกรัง,แม่น้ำสะแกกรังตอนล่างส่วนที่ 1
SKG008,หน่วยพิทักษ์ อช.แม่วงก์ที่ 4 (แม่เรวา),15.912471,99.327446,แม่เล่ย์,แม่วงก์,นครสวรรค์,สะแกกรัง,น้ำแม่วง
SKKG,อบต.สะแกกรัง,15.399131,100.03507,สะแกกรัง,เมืองอุทัยธานี,อุทัยธานี,สะแกกรัง,แม่น้ำสะแกกรังตอนล่างส่วนที่ 3
SKM001,อากาศอำนวย,17.777594,104.015045,โพนงาม,อากาศอำนวย,สกลนคร,โขงตะวันออกเฉียงเหนือ,แม่น้ำสงครามตอนล่างส่วนที่ 2
SKM003,บ้านม่วง,17.821562,103.38696,ห้วยหลัว,บ้านม่วง,สกลนคร,โขงตะวันออกเฉียงเหนือ,แม่น้ำสงครามตอนบน
SKM004,ศรีสงคราม,17.67487,104.28575,ศรีสงคราม,ศรีสงคราม,นครพนม,โขงตะวันออกเฉียงเหนือ,แม่น้ำสงครามตอนล่างส่วนที่ 4
SKM005,สว่างแดนดิน,17.594711,103.38447,โพนสูง,สว่างแดนดิน,สกลนคร,โขงตะวันออกเฉียงเหนือ,แม่น้ำสงครามตอนบน
SKPG,รร.อนุบาล ทต.สันกำแพง,18.752893,99.127785,สันกำแพง,สันกำแพง,เชียงใหม่,ปิง,น้ำแม่กวง
SLA001,หาดใหญ่,6.9801226,100.463234,คอหงส์,หาดใหญ่,สงขลา,ทะเลสาบสงขลา,ทะเลสาบสงขลา ( ลุ่มน้ำสาขา )
SLA002,คลองหอยโข่ง,6.9312415,100.43985,ทุ่งลาน,คลองหอยโข่ง,สงขลา,ทะเลสาบสงขลา,ทะเลสาบสงขลา ( ลุ่มน้ำสาขา )
SLA003,สะเดา,6.796684,100.44239,ท่าโพธิ์,สะเดา,สงขลา,ทะเลสาบสงขลา,ทะเลสาบสงขลา ( ลุ่มน้ำสาขา )
SLA005,ปากรอ,7.2614303,100.42435,ปากรอ,สิงหนคร,สงขลา,ทะเลสาบสงขลา,ทะเลสาบสงขลา ( ลุ่มน้ำสาขา )
SLA007,บางกล่ำ,7.079412,100.42788,ท่าช้าง,บางกล่ำ,สงขลา,ทะเลสาบสงขลา,ทะเลสาบสงขลา ( ลุ่มน้ำสาขา )
SLBC,อบต.สลกบาตร,15.979075,99.82461,สลกบาตร,ขาณุวรลักษบุรี,กำแพงเพชร,เจ้าพระยา,ที่ราบแม่น้ำเจ้าพระยา
SMSU,ทต.บ้านเต่า,16.355625,102.3786,บ้านเต่า,บ้านแท่น,ชัยภูมิ,ชี,ลำน้ำเชิญส่วนที่ 2
SNGT,อบต.บ้านกลาง,18.482023,100.17753,บ้านกลาง,สอง,แพร่,ยม,แม่น้ำยมตอนกลางส่วนที่ 1
SNKO,ทต.ศรีนคร,17.355047,99.992195,ศรีนคร,ศรีนคร,สุโขทัย,ยม,คลองบางแก้ว
SNSI,ทต.สันนาเม็ง,18.838078,99.056946,สันนาเม็ง,สันทราย,เชียงใหม่,ปิง,น้ำแม่กวง
SOKL,อบต.ปางกู่,17.020018,102.591225,ปางกู่,โนนสัง,หนองบัวลำภู,ชี,ลำน้ำพองตอนบนส่วนที่ 3
SPMI,อบต.แม่สวด,17.963133,97.93163,แม่สวด,สบเมย,แม่ฮ่องสอน,สาละวิน,แม่น้ำยวมตอนล่างส่วนที่ 2
SPPT,อบต.นายาง,17.909782,99.30969,นายาง,สบปราบ,ลำปาง,วัง,แม่น้ำวังตอนล่างส่วนที่ 2
SPWA,อบต.ป่าแก่บ่อหิน,7.056421,99.80188,ป่าแก่บ่อหิน,ทุ่งหว้า,สตูล,ภาคใต้ฝั่งตะวันตก,ภาคใต้ฝั่งตะวันตกตอนล่าง
SRKT,อบต.ท่าแฝก,17.945711,100.63105,ท่าแฝก,น้ำปาด,อุตรดิตถ์,น่าน,แม่น้ำน่านส่วนที่ 3/2
SSRG,ทต.ศรีสำโรง,17.168274,99.87265,สามเรือน,ศรีสำโรง,สุโขทัย,ยม,แม่น้ำยมตอนล่างส่วนที่ 2
STH001,ทต.มายอ,6.7181306,101.41407,มายอ,มายอ,ปัตตานี,ภาคใต้ฝั่งตะวันออกตอนล่าง,ภาคใต้ฝั่งตะวันออกตอนล่างส่วนที่ 3
STH002,โครงการฟาร์มตัวอย่างฯ บ้านป่าตาเขียว,6.842995,101.4945,ท่าข้าม,ปะนาเระ,ปัตตานี,ภาคใต้ฝั่งตะวันออกตอนล่าง,ภาคใต้ฝั่งตะวันออกตอนล่างส่วนที่ 3
STH003,ที่ว่าการอำเภอรามัน,6.4789844,101.424065,กายูบอเกาะ,รามัน,ยะลา,ภาคใต้ฝั่งตะวันออกตอนล่าง,แม่น้ำสายบุรี
STH004,สถานีตำรวจภูธรกะพ้อ,6.560148,101.53407,กะรุบี,กะพ้อ,ปัตตานี,ภาคใต้ฝั่งตะวันออกตอนล่าง,แม่น้ำสายบุรี
STH005,ทต.ตันหยงมัส,6.294604,101.72371,ตันหยงมัส,ระแงะ,นราธิวาส,ภาคใต้ฝั่งตะวันออกตอนล่าง,แม่น้ำบางนรา
STH006,อบต.บานา,6.8912783,101.26468,บานา,เมืองปัตตานี,ปัตตานี,ภาคใต้ฝั่งตะวันออกตอนล่าง,ภาคใต้ฝั่งตะวันออกตอนล่างส่วนที่ 3
STH007,ทม.ตากใบ,6.23915,102.08371,เจ๊ะเห,ตากใบ,นราธิวาส,ภาคใต้ฝั่งตะวันออกตอนล่าง,แม่น้ำบางนรา
STH008,ที่ว่าการอำเภอกาบัง,6.4270754,101.01935,กาบัง,กาบัง,ยะลา,ทะเลสาบสงขลา,คลองเทพา
STH010,ทต.สุไหงโก-ลก,6.005104,101.958084,สุไหงโก-ลก,สุไหงโก-ลก,นราธิวาส,ภาคใต้ฝั่งตะวันออกตอนล่าง,แม่น้ำโกลก
STH011,ที่ว่าการอำเภอยี่งอ,6.40344,101.70683,ยี่งอ,ยี่งอ,นราธิวาส,ภาคใต้ฝั่งตะวันออกตอนล่าง,แม่น้ำบางนรา
STH012,ศูนย์วิจัยข้าวปัตตานี,6.754127,101.13348,มะกรูด,โคกโพธิ์,ปัตตานี,ภาคใต้ฝั่งตะวันออกตอนล่าง,ภาคใต้ฝั่งตะวันออกตอนล่างส่วนที่ 2
STH013,รร.ตชด.บ้านไอร์บือแต,6.048789,101.56981,ช้างเผือก,จะแนะ,นราธิวาส,ภาคใต้ฝั่งตะวันออกตอนล่าง,แม่น้ำสายบุรี
STH014,ที่ว่าการอำเภอสุคีริน,5.940162,101.77137,สุคิริน,สุคิริน,นราธิวาส,ภาคใต้ฝั่งตะวันออกตอนล่าง,แม่น้ำสายบุรี
STH015,สถานีฟาร์มตัวอย่างฯ บ้านลุตง,6.6578894,101.24637,ปากล่อ,โคกโพธิ์,ปัตตานี,ภาคใต้ฝั่งตะวันออกตอนล่าง,แม่น้ำปัตตานีตอนล่าง
STH016,สถานีพัฒนาที่ดินยะลา,6.170364,101.180824,ธารโต,ธารโต,ยะลา,ภาคใต้ฝั่งตะวันออกตอนล่าง,แม่น้ำปัตตานีตอนล่าง
STH017,โครงการชลประทานยะลา,6.537368,101.259384,สะเตง,เมืองยะลา,ยะลา,ภาคใต้ฝั่งตะวันออกตอนล่าง,แม่น้ำปัตตานีตอนล่าง
STH018,ที่ว่าการอำเภอกรงปินัง,6.410909,101.27363,สะเอะ,กรงปินัง,ยะลา,ภาคใต้ฝั่งตะวันออกตอนล่าง,แม่น้ำปัตตานีตอนล่าง
STH019,หน่วยบริการประปาศรีสาคร (กปภ.สาขารือเสาะ),6.2226696,101.502304,ศรีสาคร,ศรีสาคร,นราธิวาส,ภาคใต้ฝั่งตะวันออกตอนล่าง,แม่น้ำสายบุรี
STH020,ปตร.ตุยง,6.8359976,101.17196,ตุยง,หนองจิก,ปัตตานี,ภาคใต้ฝั่งตะวันออกตอนล่าง,ภาคใต้ฝั่งตะวันออกตอนล่างส่วนที่ 2
STH021,ทต.แว้ง,5.9332833,101.88211,แว้ง,แว้ง,นราธิวาส,ภาคใต้ฝั่งตะวันออกตอนล่าง,แม่น้ำโกลก
STH022,สวนสาธารณะ ทต.รือเสาะ,6.3879223,101.51716,รือเสาะ,รือเสาะ,นราธิวาส,ภาคใต้ฝั่งตะวันออกตอนล่าง,แม่น้ำสายบุรี
STH023,ทต.บาเจาะ,6.51914,101.65872,บาเจาะ,บาเจาะ,นราธิวาส,ภาคใต้ฝั่งตะวันออกตอนล่าง,แม่น้ำสายบุรี
STH024,ปตร.พรุสนอ,6.8628554,101.37757,ยามู,ยะหริ่ง,ปัตตานี,ภาคใต้ฝั่งตะวันออกตอนล่าง,ภาคใต้ฝั่งตะวันออกตอนล่างส่วนที่ 3
STH025,สำนักงานเกษตรอำเภอเจาะไอร้อง,6.224232,101.81097,จวบ,เจาะไอร้อง,นราธิวาส,ภาคใต้ฝั่งตะวันออกตอนล่าง,แม่น้ำบางนรา
STH026,ที่ว่าการอำเภอจะแนะ,6.098398,101.69395,จะแนะ,จะแนะ,นราธิวาส,ภาคใต้ฝั่งตะวันออกตอนล่าง,แม่น้ำบางนรา
STH027,ที่ว่าการอำเภอไม้แก่น,6.6104746,101.66755,ไทรทอง,ไม้แก่น,ปัตตานี,ภาคใต้ฝั่งตะวันออกตอนล่าง,แม่น้ำสายบุรี
STH029,สำนักงานเกษตรอำเภอทุ่งยางแดง,6.61705,101.42668,ตะโละแมะนา,ทุ่งยางแดง,ปัตตานี,ภาคใต้ฝั่งตะวันออกตอนล่าง,แม่น้ำสายบุรี
STH030,ทต.ยะรัง,6.764132,101.30064,ยะรัง,ยะรัง,ปัตตานี,ภาคใต้ฝั่งตะวันออกตอนล่าง,ภาคใต้ฝั่งตะวันออกตอนล่างส่วนที่ 3
STH031,รพ.สต.บ้านวังไทร,6.0092993,101.26803,แม่หวาด,ธารโต,ยะลา,ภาคใต้ฝั่งตะวันออกตอนล่าง,แม่น้ำปัตตานีตอนบน
STOR,อบต.สะตอ,12.536135,102.444595,สะตอ,เขาสมิง,ตราด,ชายฝั่งทะเลตะวันออก,แม่น้ำเมืองตราด
STSK,อบต.ดู่พงษ์,18.911669,100.94144,ดู่พงษ์,สันติสุข,น่าน,น่าน,น้ำยาว (2)
STU001,เมืองสตูล,6.726668,100.06256,ฉลุง,เมืองสตูล,สตูล,ภาคใต้ฝั่งตะวันตก,คลองบำบัง
STU002,ละงู,6.885772,99.80433,ละงู,ละงู,สตูล,ภาคใต้ฝั่งตะวันตก,คลองละงู
STU003,มะนัง,6.940727,99.87255,นิคมพัฒนา,มะนัง,สตูล,ภาคใต้ฝั่งตะวันตก,คลองละงู
STU004,ควนกาหลง,6.9283543,99.936035,อุใดเจริญ,ควนกาหลง,สตูล,ภาคใต้ฝั่งตะวันตก,คลองละงู
STWN,ทต.ทุ่งทราย,16.29511,99.80897,ทุ่งทราย,ทรายทองวัฒนา,กำแพงเพชร,น่าน,แม่น้ำน่านตอนล่างส่วนที่ 2
SVI001,สวี 1,10.231241,99.098434,นาโพธิ์,สวี,ชุมพร,ภาคใต้ฝั่งตะวันออกตอนบน,ภาคใต้ฝั่งตะวันออกตอนบนส่วนที่ 2
SVI002,สวี 2,10.203324,99.04359,นาสัก,สวี,ชุมพร,ภาคใต้ฝั่งตะวันออกตอนบน,ภาคใต้ฝั่งตะวันออกตอนบนส่วนที่ 2
SWAR,ทต.สว่างอารมณ์,15.58535,99.86512,สว่างอารมณ์,สว่างอารมณ์,อุทัยธานี,สะแกกรัง,แม่น้ำสะแกกรังตอนล่างส่วนที่ 1
SWKL,โรงฆ่าสัตว์ ทม.สวรรคโลก,17.31678,99.82514,เมืองสวรรคโลก,สวรรคโลก,สุโขทัย,ยม,น้ำแม่มอก
SWNG,รพสต.บ่อวิน,13.055024,101.09785,บ่อวิน,ศรีราชา,ชลบุรี,ชายฝั่งทะเลตะวันออก,คลองใหญ่
SWR002,รพสต.แก่นมะกรูด,15.161841,99.28906,แก่นมะกรูด,บ้านไร่,อุทัยธานี,แม่กลอง,ห้วยขาแข้ง
SWR004,รพสต.บ้านทุ่งเสือโทน,14.9588,98.9089,ชะแล,ทองผาภูมิ,กาญจนบุรี,แม่กลอง,แม่น้ำแควใหญ่ตอนล่างส่วนที่ 1
SWR018,รร.บ้านท่าหัน,8.829075,98.492,รมณีย์,กะปง,พังงา,ภาคใต้ฝั่งตะวันตก,คลองตะกั่วป่า
SWR019,รร.บ้านช้างเชื่อ,8.744328,98.4895,เหล,กะปง,พังงา,ภาคใต้ฝั่งตะวันตก,คลองตะกั่วป่า
SWR020,ศูนย์พัฒนาเด็กเล็ก อบต.ท่านา,8.678468,98.416595,ท่านา,กะปง,พังงา,ภาคใต้ฝั่งตะวันตก,คลองตะกั่วป่า
SWR021,อบต.ตะปาน,8.866609,99.14682,ตะปาน,พุนพิน,สุราษฎร์ธานี,ภาคใต้ฝั่งตะวันออกตอนบน,แม่น้ำตาปีตอนล่างส่วนที่ 2
SWR022,รพ.สต.เวียงสระ,8.655949,99.299324,เวียงสระ,เวียงสระ,สุราษฎร์ธานี,ภาคใต้ฝั่งตะวันออกตอนบน,แม่น้ำตาปีตอนล่างส่วนที่ 2
SWR023,ทต.ปลายพระยา,8.532816,98.86409,ปลายพระยา,ปลายพระยา,กระบี่,ภาคใต้ฝั่งตะวันออกตอนบน,คลองอิปัน
SWR024,ทต.จันดี,8.388253,99.540665,จันดี,ฉวาง,นครศรีธรรมราช,ภาคใต้ฝั่งตะวันออกตอนบน,คลองจันดี
SWR025,ฝายคลองท่าเลา,8.232547,99.70778,นาหลวงเสน,ทุ่งสง,นครศรีธรรมราช,ภาคใต้ฝั่งตะวันตก,แม่น้ำตรัง
SWR026,รร.บ้านพูน,8.038265,99.64309,กะปาง,ทุ่งสง,นครศรีธรรมราช,ภาคใต้ฝั่งตะวันตก,แม่น้ำตรัง
SWR027,อบต.อ่าวตง,7.855779,99.38441,อ่าวตง,วังวิเศษ,ตรัง,ภาคใต้ฝั่งตะวันตก,แม่น้ำตรัง
SWR028,รร.บ้านหนองคล้า,7.6185303,99.449066,เขาวิเศษ,วังวิเศษ,ตรัง,ภาคใต้ฝั่งตะวันตก,แม่น้ำตรัง
SWR029,รร.วัดควนสีนวล,7.527138,99.737595,นาข้าวเสีย,นาโยง,ตรัง,ภาคใต้ฝั่งตะวันตก,คลองปะเหลี่ยน
SWR030,รร.บ้านลำปลอกเหนือ,7.3549128,99.81481,ในควน,ย่านตาขาว,ตรัง,ภาคใต้ฝั่งตะวันตก,คลองปะเหลี่ยน
SWR031,รพสต.บ้านเขาปู่,7.7095065,99.838005,เขาปู่,ศรีบรรพต,พัทลุง,ทะเลสาบสงขลา,ทะเลหลวง
SWR032,รพสต.บ้านลำกะ,7.583801,99.97161,ชุมพล,ศรีนครินทร์,พัทลุง,ทะเลสาบสงขลา,ทะเลหลวง
SWR033,ทม.พัทลุง,7.618275,100.07372,คูหาสวรรค์,เมืองพัทลุง,พัทลุง,ทะเลสาบสงขลา,ทะเลหลวง
SWR034,รร.บ้านเหมืองตะกั่ว,7.213263,100.079414,หนองธง,ป่าบอน,พัทลุง,ทะเลสาบสงขลา,ทะเลหลวง
SWR035,สนามทับทุ่ม บ้านวังนาใน หมู่ที่ 10,7.1357064,99.93731,น้ำผุด,ละงู,สตูล,ภาคใต้ฝั่งตะวันตก,คลองละงู
SWR036,มัสยิดกาวมินมูฮายีริน,7.0883255,100.00196,ปาล์มพัฒนา,มะนัง,สตูล,ภาคใต้ฝั่งตะวันตก,คลองละงู
SWR037,รร.ผังปาล์ม 4,7.022375,99.93093,ปาล์มพัฒนา,มะนัง,สตูล,ภาคใต้ฝั่งตะวันตก,คลองละงู
SWR038,มูศ๊อลลา(มัสยิด)ชูฮาดา,6.964239,100.02703,ควนกาหลง,ควนกาหลง,สตูล,ภาคใต้ฝั่งตะวันตก,คลองละงู
SYKP,ทต.ปากตะโก,10.100547,99.13784,ปากตะโก,ทุ่งตะโก,ชุมพร,ภาคใต้ฝั่งตะวันออกตอนบน,ภาคใต้ฝั่งตะวันออกตอนบนส่วนที่ 2
SYTL,อบต.วังงิ้ว,16.015654,100.73283,วังงิ้ว,ดงเจริญ,พิจิตร,เจ้าพระยา,บึงบรเพ็ด
TAKI,อบต.ตาคลี,15.291225,100.382904,ตาคลี,ตาคลี,นครสวรรค์,เจ้าพระยา,ที่ราบแม่น้ำเจ้าพระยา
TAKL,อบต.ตาดกลอย,17.00351,101.366035,ตาดกลอย,หล่มเก่า,เพชรบูรณ์,ป่าสัก,แม่น้ำป่าสักตอนบน
TANA,อบต.นครชัยศรี,13.790361,100.19047,นครชัยศรี,นครชัยศรี,นครปฐม,ท่าจีน,ที่ราบแม่น้ำท่าจีน
TAPE,ทต.ช้างเผือก,18.8101,98.96995,ช้างเผือก,เมืองเชียงใหม่,เชียงใหม่,ปิง,แม่น้ำปิงส่วนที่ 2/2
TARE,ทต.ท่าแร่,17.251736,104.18175,ท่าแร่,เมืองสกลนคร,สกลนคร,โขงตะวันออกเฉียงเหนือ,น้ำพุง
TB0006,ทต.ทุ่งสะโตก,18.573914,98.86223,ทุ่งสะโตก,สันป่าตอง,เชียงใหม่,ปิง,น้ำแม่ขาน
TB0007,ที่ว่าการอำเภอแม่วาง,18.612732,98.77528,บ้านกาด,แม่วาง,เชียงใหม่,ปิง,น้ำแม่ขาน
TBR011,อบต.เวียงตาล,18.311388,99.32519,เวียงตาล,ห้างฉัตร,ลำปาง,วัง,แม่น้ำวังตอนกลางส่วนที่ 2
TBR012,อบต.บ้านหนองตางู,16.124949,100.057785,หนองตางู,บรรพตพิสัย,นครสวรรค์,น่าน,แม่น้ำน่านตอนล่างส่วนที่ 2
TBR013,อบต.ท่าเสา,15.990013,100.2216,ท่าเสา,โพทะเล,พิจิตร,น่าน,แม่น้ำน่านตอนล่างส่วนที่ 2
TBR014,อบต.นาโป่ง,17.644318,99.16272,นาโป่ง,เถิน,ลำปาง,วัง,แม่น้ำวังตอนล่างส่วนที่ 2
TBR015,สวนเพชรล้านนา,18.803114,99.58371,แม่สุก,แจ้ห่ม,ลำปาง,วัง,แม่น้ำสวย
TBR016,บ้านใหม่สามัคคี,15.097163,102.866806,โคกล่าม,ลำปลายมาศ,บุรีรัมย์,มูล,ลำปลายมาศ
TBR017,ที่ว่าการอำเภอเมืองยโสธร,15.795404,104.14032,ในเมือง,เมืองยโสธร,ยโสธร,ชี,ลำน้ำชีตอนล่าง
TBR018,อบต.นาโส่,15.9829645,104.31136,นาโส่,กุดชุม,ยโสธร,มูล,ห้วยโพง
TBR019,อบต.ส้มผ่อ,16.148638,104.39439,ส้มผ่อ,ไทยเจริญ,ยโสธร,มูล,ห้วยโพง
TBR020,ทต.ห้องแซง,16.2681,104.40586,ห้องแซง,เลิงนกทา,ยโสธร,มูล,ลำเซบายส่วนที่ 1
TBR021,ทต.บุ่งค้า,16.166994,104.64116,บุ่งค้า,เลิงนกทา,ยโสธร,มูล,ลำเซบายส่วนที่ 1
TBR022,บ้านน้ำเย็น,10.588751,99.03128,หินแก้ว,ท่าแซะ,ชุมพร,ภาคใต้ฝั่งตะวันออกตอนบน,คลองท่าตะเภา ( ลุ่มน้ำสาขา )
TBW008,ฝ่ายส่งน้ำและบำรุงรักษาที่ 2,18.884207,99.082886,เมืองเล็น,สันทราย,เชียงใหม่,ปิง,น้ำแม่กวง
TBW009,อ่างเก็บน้ำแม่เกี๋ยง,18.432743,99.498314,บ้านเอื้อม,เมืองลำปาง,ลำปาง,วัง,น้ำแม่ตุ๋ย
TBW014,สะพานข้ามคลองเกรียงไกร,15.843174,100.21149,บางเคียน,ชุมแสง,นครสวรรค์,น่าน,แม่น้ำน่านตอนล่างส่วนที่ 2
TBW017,สะพานข้ามลำปะเทีย,14.617069,102.90032,อีสานเขต,เฉลิมพระเกียรติ,บุรีรัมย์,มูล,ลำปะเทีย
TBW018,อ่างเก็บน้ำคูขาด,14.5599165,102.951485,ประทัดบุ,ประโคนชัย,บุรีรัมย์,มูล,ลำชี
TBW019,อ่างเก็บน้ำห้วยดินทราย,14.271639,102.98231,หนองแวง,ละหานทราย,บุรีรัมย์,มูล,ลำปะเทีย
TBW021,สะพานมิตรภาพรับร่อ-หินแก้ว,10.607504,99.0954,รับร่อ,ท่าแซะ,ชุมพร,ภาคใต้ฝั่งตะวันออกตอนบน,คลองท่าตะเภา ( ลุ่มน้ำสาขา )
TBW022,สะพานแม่ฟ้าหลวง,19.92199,99.818275,รอบเวียง,เมืองเชียงราย,เชียงราย,โขงเหนือ,น้ำแม่กกตอนล่างส่วนที่ 2
TBW023,คลองแม่พุง,19.566578,99.98419,ป่าแงะ,ป่าแดด,เชียงราย,โขงเหนือ,แม่น้ำพุง
TBW024,สะพานอิงอุดม,20.196386,100.44175,ศรีดอนชัย,เชียงของ,เชียงราย,โขงเหนือ,แม่น้ำอิงตอนล่าง
TBW025,คลองปาว,16.259249,103.69044,เหล่าอ้อย,ร่องคำ,กาฬสินธุ์,ชี,ลำปาวตอนล่าง
TBW026,ห้วยยัง,16.604437,103.96215,ไค้นุ่น,ห้วยผึ้ง,กาฬสินธุ์,ชี,ลำน้ำยัง
TBW027,ลำน้ำอูน,17.322718,103.97924,สว่าง,พรรณานิคม,สกลนคร,โขงตะวันออกเฉียงเหนือ,ห้วยน้ำอูน
TBW028,บ้านโพธิ์ชัยทอง,17.599695,103.98087,อากาศ,อากาศอำนวย,สกลนคร,โขงตะวันออกเฉียงเหนือ,ห้วยน้ำยาม
TBW029,ลำน้ำยัง,16.320541,104.02246,แวง,โพนทอง,ร้อยเอ็ด,ชี,ลำน้ำยัง
TBW030,ลำน้ำพุง,16.996597,104.17364,เต่างอย,เต่างอย,สกลนคร,โขงตะวันออกเฉียงเหนือ,น้ำพุง
TBW032,ลำน้ำก่ำ,17.030687,104.41481,หนองบ่อ,นาแก,นครพนม,โขงตะวันออกเฉียงเหนือ,ห้วยน้ำก่ำ
TBW033,ลำเซบาย,16.195433,104.52568,สวาท,เลิงนกทา,ยโสธร,มูล,ลำเซบายส่วนที่ 1
TEPT,อบต.โคกเริงรมย์,15.3994255,101.60259,โคกเริงรมย์,บำเหน็จณรงค์,ชัยภูมิ,ชี,ลำคันฉู
TETN,อบต.แม่ปะ,17.651806,99.26763,แม่ปะ,เถิน,ลำปาง,วัง,แม่น้ำวังตอนล่างส่วนที่ 2
TGCG,ที่ว่าการอำเภอทุ่งช้าง,19.386639,100.875824,ทุ่งช้าง,ทุ่งช้าง,น่าน,น่าน,แม่น้ำน่านตอนบน
TGLG,อบต.ทุ่งแล้ง,17.970417,99.74665,ทุ่งแล้ง,ลอง,แพร่,ยม,แม่น้ำยมตอนล่างส่วนที่ 1
TGSK,ทต.ทองแสนขัน,17.467903,100.332466,ป่าคาย,ทองแสนขัน,อุตรดิตถ์,น่าน,คลองตรอน
THA001,สะพานคง-ศุข ศรีสวัสดิ์,15.225016,100.07824,หาดท่าเสา,เมืองชัยนาท,ชัยนาท,เจ้าพระยา,ที่ราบแม่น้ำเจ้าพระยา
THAT,อบต.ธาตุ,15.31668,103.93551,ธาตุ,รัตนบุรี,สุรินทร์,มูล,ห้วยทับทัน
THCG,ทต.ทุ่งหัวช้าง,18.003448,99.02688,ทุ่งหัวช้าง,ทุ่งหัวช้าง,ลำพูน,ปิง,น้ำแม่ลี้
THNG,ทต.เวียงเทิง,19.687405,100.18997,เวียง,เทิง,เชียงราย,โขงเหนือ,แม่น้ำอิงตอนล่าง
THNM,อบต.ดงพระรามณ์,14.062765,101.41369,ดงพระราม,เมืองปราจีนบุรี,ปราจีนบุรี,บางปะกง,แม่น้ำปราจีนบุรีตอนล่าง
THTN,ทม.ตะพานหิน,16.21107,100.41941,ตะพานหิน,ตะพานหิน,พิจิตร,น่าน,แม่น้ำน่านตอนล่างส่วนที่ 2
TKFA,อบต.ตากฟ้า,15.296457,100.50284,ตากฟ้า,ตากฟ้า,นครสวรรค์,เจ้าพระยา,ที่ราบแม่น้ำเจ้าพระยา
TKNT,ทต.ตะเคียนทอง,12.9130945,102.08153,ตะเคียนทอง,เขาคิชฌกูฏ,จันทบุรี,ชายฝั่งทะเลตะวันออก,แม่น้ำจันทบุรี
TKP002,เมืองพังงา,8.477324,98.52832,ถ้ำน้ำผุด,เมืองพังงา,พังงา,ภาคใต้ฝั่งตะวันตก,ภาคใต้ฝั่งตะวันตกส่วนที่ 2
TKPP,ทต.ตระการพืชผล,15.621576,105.02304,กระเดียน,ตระการพืชผล,อุบลราชธานี,มูล,ลำเซบก
TKRA,อบต.คลองเฉลิม,7.382412,99.980194,คลองเฉลิม,กงหรา,พัทลุง,ทะเลสาบสงขลา,ทะเลหลวง
TLAN,อบต.บุพราหมณ์,14.207866,101.90559,บุพราหมณ์,นาดี,ปราจีนบุรี,บางปะกง,แม่น้ำหนุมาน
TLMU,ทต.ลำแก่น,8.596784,98.25723,ลำแก่น,ท้ายเหมือง,พังงา,ภาคใต้ฝั่งตะวันตก,ภาคใต้ฝั่งตะวันตกส่วนที่ 2
TLPC,อบต.ขนงพระ,14.606866,101.45632,ขนงพระ,ปากช่อง,นครราชสีมา,มูล,ลำตะคอง
TMLI,ทต.วังใหม่,10.503824,98.985825,วังใหม่,เมืองชุมพร,ชุมพร,ภาคใต้ฝั่งตะวันออกตอนบน,ภาคใต้ฝั่งตะวันออกตอนบนส่วนที่ 2
TNG001,ท่าสะบ้า,7.729373,99.55148,ท่าสะบ้า,วังวิเศษ,ตรัง,ภาคใต้ฝั่งตะวันตก,แม่น้ำตรัง
TNG002,เมืองตรัง,7.5559034,99.57825,บางรัก,เมืองตรัง,ตรัง,ภาคใต้ฝั่งตะวันตก,แม่น้ำตรัง
TNG003,คลองนางน้อย,7.5683246,99.65097,นาโยงใต้,เมืองตรัง,ตรัง,ภาคใต้ฝั่งตะวันตก,แม่น้ำตรัง
TNG004,ปะเหลียน,7.3719873,99.67728,ท่าพญา,ปะเหลียน,ตรัง,ภาคใต้ฝั่งตะวันตก,คลองปะเหลี่ยน
TNG005,วังวิเศษ,7.668912,99.45939,เขาวิเศษ,วังวิเศษ,ตรัง,ภาคใต้ฝั่งตะวันตก,แม่น้ำตรัง
TNG006,รัษฎา,7.9640694,99.59781,ควนเมา,รัษฎา,ตรัง,ภาคใต้ฝั่งตะวันตก,แม่น้ำตรัง
TOGO,ที่ว่าการอำเภอเต่างอย,16.997425,104.16753,นาตาล,เต่างอย,สกลนคร,โขงตะวันออกเฉียงเหนือ,น้ำพุง
TON001,ตาพระยา,14.051254,102.88536,ทัพเสด็จ,ตาพระยา,สระแก้ว,โตนเลสาป,โตนเลสาปตอนบน (ลุ่มน้ำสาขา)
TON002,โป่งน้ำร้อน,13.036519,102.38153,หนองตาคง,โป่งน้ำร้อน,จันทบุรี,โตนเลสาป,โตนเลสาปตอนล่าง
TON003,อบต.สะตอน,13.142316,102.30368,สะตอน,สอยดาว,จันทบุรี,โตนเลสาป,โตนเลสาปตอนล่าง
TON004,อบต.ท่าเกวียน,13.687785,102.28519,ท่าเกวียน,วัฒนานคร,สระแก้ว,โตนเลสาป,ห้วยพรมโหด
TON006,อบต.ทัพราช,14.0458145,102.745926,ทัพราช,ตาพระยา,สระแก้ว,โตนเลสาป,โตนเลสาปตอนบน (ลุ่มน้ำสาขา)
TPAE,ทต.ท่าขนุน,14.744101,98.64233,ท่าขนุน,ทองผาภูมิ,กาญจนบุรี,แม่กลอง,แม่น้ำแควน้อยตอนบนส่วนที่ 2
TPI001,พุนพิน 1,9.131241,99.258835,ท่าข้าม,พุนพิน,สุราษฎร์ธานี,ภาคใต้ฝั่งตะวันออกตอนบน,แม่น้ำตาปีตอนล่างส่วนที่ 3
TPI002,พุนพิน 2,9.085796,99.17004,หนองไทร,พุนพิน,สุราษฎร์ธานี,ภาคใต้ฝั่งตะวันออกตอนบน,คลองพุมดวงตอนล่าง
TPI003,พุนพิน 3,8.986816,99.2113,ท่าสะท้อน,พุนพิน,สุราษฎร์ธานี,ภาคใต้ฝั่งตะวันออกตอนบน,แม่น้ำตาปีตอนล่างส่วนที่ 2
TPI004,ท่าขนอม,9.0294285,98.969666,ท่าขนอน,คีรีรัฐนิคม,สุราษฎร์ธานี,ภาคใต้ฝั่งตะวันออกตอนบน,คลองพุมดวงตอนล่าง
TPI005,เวียงสระ,8.571073,99.25393,ทุ่งหลวง,เวียงสระ,สุราษฎร์ธานี,ภาคใต้ฝั่งตะวันออกตอนบน,แม่น้ำตาปีตอนล่างส่วนที่ 2
TPI006,พระแสง,8.5374365,99.18096,ไทรขึง,พระแสง,สุราษฎร์ธานี,ภาคใต้ฝั่งตะวันออกตอนบน,คลองอิปัน
TPI007,วิภาวดี,9.206407,98.952484,ตะกุกเหนือ,วิภาวดี,สุราษฎร์ธานี,ภาคใต้ฝั่งตะวันออกตอนบน,คลองพุมดวงตอนล่าง
TPKO,ทต.ทับคล้อ,16.169598,100.56601,ทับคล้อ,ทับคล้อ,พิจิตร,น่าน,แม่น้ำน่านตอนล่างส่วนที่ 2
TPPN,ทม.ท่าข้าม,9.106068,99.2328,ท่าข้าม,พุนพิน,สุราษฎร์ธานี,ภาคใต้ฝั่งตะวันออกตอนบน,แม่น้ำตาปีตอนล่างส่วนที่ 3
TPTN,ทต.ทัพทัน,15.457611,99.894844,ทัพทัน,ทัพทัน,อุทัยธานี,สะแกกรัง,แม่น้ำสะแกกรังตอนล่างส่วนที่ 3
TPUR,ทต.ภูเรือ,17.457788,101.360695,หนองบัว,ภูเรือ,เลย,โขงตะวันออกเฉียงเหนือ,น้ำสาน
TRD001,เมืองตราด,12.325195,102.50044,ห้วยแร้ง,เมืองตราด,ตราด,ชายฝั่งทะเลตะวันออก,แม่น้ำเมืองตราด
TRD002,ห้วยแร้ง,12.369293,102.54332,ห้วยแร้ง,เมืองตราด,ตราด,ชายฝั่งทะเลตะวันออก,แม่น้ำเมืองตราด
TRD003,วังกระแจะ,12.262444,102.52677,วังกระแจะ,เมืองตราด,ตราด,ชายฝั่งทะเลตะวันออก,แม่น้ำเมืองตราด
TRD004,บางพระ,12.238075,102.50981,บางพระ,เมืองตราด,ตราด,ชายฝั่งทะเลตะวันออก,แม่น้ำเมืองตราด
TRON,ทต.ตรอน,17.48615,100.10563,วังแดง,ตรอน,อุตรดิตถ์,น่าน,แม่น้ำน่านส่วนที่ 4/2
TSDO,ทม.สะเดา,6.6383433,100.42476,สะเดา,สะเดา,สงขลา,ทะเลสาบสงขลา,ทะเลสาบสงขลา ( ลุ่มน้ำสาขา )
TSLM,ทต.ทุ่งเสลี่ยม,17.323769,99.56753,ทุ่งเสลี่ยม,ทุ่งเสลี่ยม,สุโขทัย,ยม,น้ำแม่มอก
TSUD,อบต.โคกชำแระ,14.732612,104.90761,โคกชำแระ,ทุ่งศรีอุดม,อุบลราชธานี,มูล,ลำโดมใหญ่
TTKO,ทต.ท่าตะโก,15.632456,100.47481,ท่าตะโก,ท่าตะโก,นครสวรรค์,เจ้าพระยา,บึงบรเพ็ด
TTLG,อบต.ทับปุด,8.503284,98.63018,ทับปุด,ทับปุด,พังงา,ภาคใต้ฝั่งตะวันตก,ภาคใต้ฝั่งตะวันตกส่วนที่ 2
TTWY,ทม.วังน้ำเย็น,13.501064,102.180214,วังน้ำเย็น,วังน้ำเย็น,สระแก้ว,บางปะกง,คลองพระสทึง
TUKW,อบต.ทุ่งคาวัด,9.741129,99.02647,ทุ่งคาวัด,ละแม,ชุมพร,ภาคใต้ฝั่งตะวันออกตอนบน,ภาคใต้ฝั่งตะวันออกส่วนที่ 2
UDMS,อบต.อุดมทรัพย์,14.537892,101.969345,อุดมทรัพย์,วังน้ำเขียว,นครราชสีมา,มูล,ลำพระเพลิง
UPCT,ทต.อุ้มผาง,16.017744,98.86514,อุ้มผาง,อุ้มผาง,ตาก,แม่กลอง,แม่น้ำแควใหญ่ตอนบนส่วนที่ 1
UTOG,ทต.บ้านนา,12.826844,101.66964,บ้านนา,แกลง,ระยอง,ชายฝั่งทะเลตะวันออก,แม่น้ำประแส
VLGE01,อบต.ตลาดไทร,15.1816225,102.844444,ตลาดไทร,ชุมพวง,นครราชสีมา,มูล,ลำน้ำมูลส่วนที่ 2/1
VLGE02,บ้านผาชัน,15.755657,105.49456,สำโรง,โพธิ์ไทร,อุบลราชธานี,โขงตะวันออกเฉียงเหนือ,แม่น้ำโขงตอนล่าง
VLGE03,เปร็ดใน,12.142045,102.52979,ห้วงน้ำขาว,เมืองตราด,ตราด,ชายฝั่งทะเลตะวันออก,ชายฝั่งทะเลตะวันออก (ลุ่มน้ำสาขา 4)
VLGE04,ป่าสักงาม,18.9926,99.12812,ลวงเหนือ,ดอยสะเก็ด,เชียงใหม่,ปิง,น้ำแม่กวง
VLGE06,ชุมชนบ้านแม่ละอุป,19.00122,98.271164,แจ่มหลวง,กัลยาณิวัฒนา,เชียงใหม่,ปิง,น้ำแม่แจ่มตอนบน
VLGE07,บ้านโคกพลวง,14.592325,102.66769,หนองโบสถ์,นางรอง,บุรีรัมย์,มูล,ลำปลายมาศ
VLGE08,อบต.โนนขวาง,15.180757,103.15743,โนนขวาง,บ้านด่าน,บุรีรัมย์,มูล,ห้วยตะโคง
VLGE09,ชุมชนบ้านทับคริสต์,8.75026,98.80191,คลองชะอุ่น,พนม,สุราษฎร์ธานี,ภาคใต้ฝั่งตะวันออกตอนบน,คลองสก
VLGE11,ชุมชนบ้านห้วยทราย,19.340025,99.21733,เขื่อนผาก,พร้าว,เชียงใหม่,ปิง,น้ำแม่งัด
VLGE12,นครป่าหมาก,16.623346,100.36923,นครป่าหมาก,บางกระทุ่ม,พิษณุโลก,น่าน,แม่น้ำวังทอง
VLGE13,ชุมแสงสงคราม,16.858543,100.05964,ชุมแสงสงคราม,บางระกำ,พิษณุโลก,ยม,แม่น้ำยมตอนล่างส่วนที่ 4
VLGE14,ชุมชนบ้านตูม,15.418898,104.34194,กุดน้ำใส,ค้อวัง,ยโสธร,ชี,ลำน้ำชีตอนล่าง
VLGE15,ชุมชนหนองปิ้งไก่,16.43478,99.36732,นาบ่อคำ,เมืองกำแพงเพชร,กำแพงเพชร,ปิง,คลองสวนหมาก
VLGE16,ชุมชนลีเล็ด,9.191749,99.25393,ลีเล็ด,พุนพิน,สุราษฎร์ธานี,ภาคใต้ฝั่งตะวันออกตอนบน,แม่น้ำตาปีตอนล่างส่วนที่ 3
VLGE17,รร.ปะทิววิทยา,10.708051,99.32275,บางสน,ปะทิว,ชุมพร,ภาคใต้ฝั่งตะวันออกตอนบน,ภาคใต้ฝั่งตะวันออกตอนบนส่วนที่ 1
VLGE19,วัดบ้านดงผาปูน,19.073122,101.19881,บ่อเกลือใต้,บ่อเกลือ,น่าน,น่าน,น้ำว้า
VLGE21,ชุมชนโกรกประดู่,14.935209,102.88858,โคกกลาง,ลำปลายมาศ,บุรีรัมย์,มูล,ลำปลายมาศ
VLGE22,ศูนย์พัฒนาโครงการหลวงห้วยโป่ง,19.128822,99.439926,แม่เจดีย์ใหม่,เวียงป่าเป้า,เชียงราย,โขงเหนือ,น้ำแม่ลาวส่วนที่ 1
VLGE24,วัดพิเสกประดิษฐิ์,15.916466,102.536285,ใหม่นาเพียง,แวงใหญ่,ขอนแก่น,ชี,ลำน้ำชีส่วนที่ 3
VLGE25,แม่หาด,18.460093,98.65097,บ้านหลวง,จอมทอง,เชียงใหม่,ปิง,น้ำแม่กลาง
VLGE26,ชุมชนประแส,12.716431,101.7041,ปากน้ำกระแส,แกลง,ระยอง,ชายฝั่งทะเลตะวันออก,แม่น้ำประแส
VLGE27,ชุมชนหนองใหญ่,14.572705,103.47313,หนองใหญ่,ปราสาท,สุรินทร์,มูล,ลำชี
VLGE28,ชุมชนแม่ตาลน้อย,18.415257,99.26471,เวียงตาล,ห้างฉัตร,ลำปาง,วัง,แม่น้ำวังตอนกลางส่วนที่ 2
VLGE29,ชุมชนบ้านท่าด่าน,6.8347178,101.20043,ดอนรัก,หนองจิก,ปัตตานี,ภาคใต้ฝั่งตะวันออกตอนล่าง,ภาคใต้ฝั่งตะวันออกตอนล่างส่วนที่ 2
VLGE31,ชุมชนม่วงชุม,20.101095,100.40399,ครึ่ง,เชียงของ,เชียงราย,โขงเหนือ,แม่น้ำอิงตอนล่าง
VLGE32,รร. บ้านเพ็กเฟื้อย-ห้วยเตย,17.147432,102.33209,หนองหว้า,เมืองหนองบัวลำภู,หนองบัวลำภู,ชี,ลำพะเนียง
VLGE33,ชุมชนบ้านโคกพะยอม,6.818722,99.80933,ละงู,ละงู,สตูล,ภาคใต้ฝั่งตะวันตก,ภาคใต้ฝั่งตะวันตกตอนล่าง
VLGE34,ชุมชนบ้านบุ่งคล้า,18.294794,103.994835,บุ่งคล้า,บุ่งคล้า,บึงกาฬ,โขงตะวันออกเฉียงเหนือ,แม่น้ำโขงส่วนที่ 7/2
VLGE35,ชุมชนบ้านเหมือง,5.9238043,101.12602,อัยเยอร์เวง,เบตง,ยะลา,ภาคใต้ฝั่งตะวันออกตอนล่าง,แม่น้ำปัตตานีตอนบน
VLGE36,ชุมชนห้วยไร่,17.885788,100.041565,ห้วยไร่,เด่นชัย,แพร่,ยม,แม่น้ำยมตอนกลางส่วนที่ 2
VLGE37,ตาดโตน,15.873137,102.01618,นาฝาย,เมืองชัยภูมิ,ชัยภูมิ,ชี,ลำน้ำชีส่วนที่ 2/2
VLGE39,บ้านโนนศรีเจริญ,16.616138,103.71737,ยอดแกง,นามน,กาฬสินธุ์,ชี,ลำปาวตอนล่าง
VLGE40,บ้านทับคริสต์,8.725806,98.821014,คลองชะอุ่น,พนม,สุราษฎร์ธานี,ภาคใต้ฝั่งตะวันออกตอนบน,คลองสก
VLGE41,ชุมชนบ้านควน 1,6.5769,101.169525,พร่อน,เมืองยะลา,ยะลา,ภาคใต้ฝั่งตะวันออกตอนล่าง,แม่น้ำปัตตานีตอนล่าง
VLGE42,ชุมชนบ้านควน 2,6.5763373,101.199104,พร่อน,เมืองยะลา,ยะลา,ภาคใต้ฝั่งตะวันออกตอนล่าง,แม่น้ำปัตตานีตอนล่าง
VLGE43,ชุมชนจุมจัง,16.43071,104.07318,จุมจัง,กุฉินารายณ์,กาฬสินธุ์,ชี,ลำน้ำยัง
VLGE44,อ่างฯหนองกุดใหญ่,14.8590145,103.36127,หนองเต็ง,กระสัง,บุรีรัมย์,มูล,ลำชี
VLGE45,พิพิธภัณฑ์ธรรมชาติบ้านห้วยปลาหลด,16.783697,98.89485,ด่านแม่ละเมา,แม่สอด,ตาก,สาละวิน,ห้วยแม่ละเมา
VLGE46,สถานีชุมชนป่าภูถ้ำ,15.839769,102.414406,แวงน้อย,แวงน้อย,ขอนแก่น,ชี,ลำน้ำชีส่วนที่ 2/2
VLGE47,วัดบางแตน,13.902393,101.16799,บางแตน,บ้านสร้าง,ปราจีนบุรี,บางปะกง,แม่น้ำปราจีนบุรีตอนล่าง
VLGE49,ตำบลซับสมบูรณ์,15.615998,101.02353,ซับสมบูรณ์,วิเชียรบุรี,เพชรบูรณ์,ป่าสัก,แม่น้ำป่าสักส่วนที่ 3/1
VLGE50,อบต.นาแขม,14.042581,101.720505,นาแขม,กบินทร์บุรี,ปราจีนบุรี,บางปะกง,แม่น้ำหนุมาน
WAN001,สามเงา,17.260597,99.07788,วังหมัน,สามเงา,ตาก,วัง,แม่น้ำวังตอนล่างส่วนที่ 4
WAN002,แม่พริก,17.44547,99.12866,แม่พริก,แม่พริก,ลำปาง,วัง,แม่น้ำวังตอนล่างส่วนที่ 2
WAN003,เถิน,17.751686,99.23068,แม่ถอด,เถิน,ลำปาง,วัง,แม่น้ำวังตอนล่างส่วนที่ 2
WAN004,เกาะคา,18.159119,99.38409,วังพร้าว,เกาะคา,ลำปาง,วัง,แม่น้ำวังตอนกลางส่วนที่ 2
WAN005,เมืองลำปาง,18.342989,99.53712,ต้นธงชัย,เมืองลำปาง,ลำปาง,วัง,แม่น้ำวังตอนกลางส่วนที่ 1
WBYN,อบต.แม่ใส,19.132143,99.876465,แม่ใส,เมืองพะเยา,พะเยา,โขงเหนือ,แม่น้ำอิงตอนบน
WCBR,ทม.วิเชียรบุรี,15.657313,101.124756,ท่าโรง,วิเชียรบุรี,เพชรบูรณ์,ป่าสัก,แม่น้ำป่าสักส่วนที่ 3/1
WCHN,อบต.วังชิ้น,17.878857,99.61926,วังชิ้น,วังชิ้น,แพร่,ยม,แม่น้ำยมตอนล่างส่วนที่ 1
WCTK,โครงการชลประทานพิษณุโลก,16.815054,100.25991,ในเมือง,เมืองพิษณุโลก,พิษณุโลก,น่าน,แม่น้ำน่านตอนล่างส่วนที่ 1
WEI011,เหนือฝายยางกะฮาด,15.639149,102.039345,กะฮาด,เนินสง่า,ชัยภูมิ,ชี,ลำน้ำชีส่วนที่ 2/2
WEI012,ท้ายฝายยางกะฮาด,15.638414,102.04003,กะฮาด,เนินสง่า,ชัยภูมิ,ชี,ลำน้ำชีส่วนที่ 2/2
WEI021,เหนือฝายยางแก้งสนามนาง,15.790654,102.30441,โนนสำราญ,แก้งสนามนาง,นครราชสีมา,ชี,ลำน้ำชีส่วนที่ 2/2
WEI022,ท้ายฝายยางแก้งสนามนาง,15.791181,102.30518,โนนสำราญ,แก้งสนามนาง,นครราชสีมา,ชี,ลำน้ำชีส่วนที่ 2/2
WEI031,เหนือฝายชนบท,16.073935,102.49413,โนนพะยอม,ชนบท,ขอนแก่น,ชี,ลำน้ำชีส่วนที่ 3
WEI032,ท้ายฝายชนบท,16.074396,102.49476,โนนพะยอม,ชนบท,ขอนแก่น,ชี,ลำน้ำชีส่วนที่ 3
WEI041,เหนือฝายหนองหวาย,16.724548,102.80351,น้ำพอง,น้ำพอง,ขอนแก่น,ชี,ลำน้ำพองตอนล่างส่วนที่ 1
WEI051,เหนือฝายมหาสารคาม,16.369139,102.947624,หนองบัว,โกสุมพิสัย,มหาสารคาม,ชี,ลำน้ำชีส่วนที่ 4/1
WEI052,ท้ายฝายมหาสารคาม,16.36599,102.94977,หนองบัว,โกสุมพิสัย,มหาสารคาม,ชี,ลำน้ำชีส่วนที่ 4/1
WEI061,เหนือฝายวังยาง,16.1994,103.472946,ลำชี,ฆ้องชัย,กาฬสินธุ์,ชี,ลำน้ำชีส่วนที่ 4/1
WEI062,ท้ายฝายวังยาง,16.200172,103.473526,ลำชี,ฆ้องชัย,กาฬสินธุ์,ชี,ลำน้ำชีส่วนที่ 4/1
WEI071,เหนือฝายร้อยเอ็ด,16.172606,103.78899,พระธาตุ,เชียงขวัญ,ร้อยเอ็ด,ชี,ลำน้ำชีส่วนที่ 4/2
WEI072,ท้ายฝายร้อยเอ็ด,16.17223,103.78976,พระธาตุ,เชียงขวัญ,ร้อยเอ็ด,ชี,ลำน้ำชีส่วนที่ 4/2
WEI081,เหนือฝายยโสธร,15.732544,104.1318,แสนสุข,พนมไพร,ร้อยเอ็ด,ชี,ลำน้ำชีตอนล่าง
WEI091,เหนือฝายธาตุน้อย,15.31053,104.45604,สหธาตุ,เขื่องใน,อุบลราชธานี,ชี,ลำน้ำชีตอนล่าง
WEI092,ท้ายฝายธาตุน้อย,15.310816,104.45696,สหธาตุ,เขื่องใน,อุบลราชธานี,ชี,ลำน้ำชีตอนล่าง
WEI101,เหนือฝายหัวนา,15.13496,104.70208,หนองแก้ว,กันทรารมย์,ศรีสะเกษ,มูล,ลำน้ำมูลส่วนที่ 3/3
WEI102,ท้ายฝายหัวนา,15.13441,104.70284,หนองแก้ว,กันทรารมย์,ศรีสะเกษ,มูล,ลำน้ำมูลส่วนที่ 3/3
WEI111,เหนือฝายราษีไศล,15.344394,104.09881,บัวหุ่ง,ราษีไศล,ศรีสะเกษ,มูล,ลำน้ำมูลส่วนที่ 3/1
WEI112,ท้ายฝายราษีไศล,15.344049,104.099304,บัวหุ่ง,ราษีไศล,ศรีสะเกษ,มูล,ลำน้ำมูลส่วนที่ 3/1
WEI121,เหนือฝายยางบ้านตะลุง,15.293477,103.540474,หนองเรือ,ชุมพลบุรี,สุรินทร์,มูล,ลำน้ำมูลส่วนที่ 2/5
WEI122,ท้ายฝายยางบ้านตะลุง,15.292877,103.54234,หนองเรือ,ชุมพลบุรี,สุรินทร์,มูล,ลำน้ำมูลส่วนที่ 2/5
WEI131,เหนือฝายยางบ้านเขว้า,15.412002,103.10234,ปะเคียบ,คูเมือง,บุรีรัมย์,มูล,ลำน้ำมูลส่วนที่ 2/3
WEI132,ท้ายฝายยางบ้านเขว้า,15.410986,103.10372,ปะเคียบ,คูเมือง,บุรีรัมย์,มูล,ลำน้ำมูลส่วนที่ 2/3
WEI141,เหนือฝายชุมพวง,15.386625,102.71879,ชุมพวง,ชุมพวง,นครราชสีมา,มูล,ลำน้ำมูลตอนบนส่วนที่ 5
WEI142,ท้ายฝายชุมพวง,15.386544,102.71913,ชุมพวง,ชุมพวง,นครราชสีมา,มูล,ลำน้ำมูลตอนบนส่วนที่ 5
WEI151,เหนือฝายพิมาย,15.227765,102.50157,ในเมือง,พิมาย,นครราชสีมา,มูล,ลำน้ำมูลตอนบนส่วนที่ 5
WGCI,ทต.สิริเวียงชัย,19.867592,99.89004,เวียงชัย,เวียงชัย,เชียงราย,โขงเหนือ,น้ำแม่ลาวส่วนที่ 2
WGHG,อบต.เปียงหลวง,19.649244,98.634834,เปียงหลวง,เวียงแหง,เชียงใหม่,ปิง,แม่น้ำแม่แตง
WGKN,ทต.หล่ายงาว,20.105713,100.50048,หล่ายงาว,เวียงแก่น,เชียงราย,โขงเหนือ,แม่น้ำโขงส่วนที่ 2
WGNA,ทต.บ้านใหม่,19.176765,99.6209,วังเหนือ,วังเหนือ,ลำปาง,วัง,แม่น้ำวังตอนบน
WGPO,ลานกีฬา อบต.วังโป่ง,16.365877,100.83071,วังโป่ง,วังโป่ง,เพชรบูรณ์,น่าน,แม่น้ำน่านตอนล่างส่วนที่ 2
WGRY,อบต.วังโรงใหญ่,15.050581,101.66221,วังโรงใหญ่,สีคิ้ว,นครราชสีมา,มูล,ลำตะคอง
WGSA,ทต.กลางเวียง,18.566164,100.735504,กลางเวียง,เวียงสา,น่าน,น่าน,แม่น้ำน่านส่วนที่ 3/1
WGTG,ที่ทำการผู้ใหญ่บ้าน หมู่ 13 ต.วังทอง,16.831726,100.42884,วังทอง,วังทอง,พิษณุโลก,น่าน,แม่น้ำวังทอง
WNKH,อบต.วังน้ำเขียว,14.374443,101.86512,วังน้ำเขียว,วังน้ำเขียว,นครราชสีมา,มูล,ลำพระเพลิง
WNMI,อบต.วังหมี,14.415663,101.68403,วังหมี,วังน้ำเขียว,นครราชสีมา,มูล,ลำพระเพลิง
WPAP,ทต.เวียงป่าเป้า,19.363098,99.50249,เวียง,เวียงป่าเป้า,เชียงราย,โขงเหนือ,น้ำแม่ลาวส่วนที่ 1
WRRS,อบต.ศรีกะอาง,14.277974,101.12881,ศรีกะอาง,บ้านนา,นครนายก,บางปะกง,แม่น้ำนครนายก
WSPN,อบต.วังทรายพูน,16.40614,100.538666,วังทรายพูน,วังทรายพูน,พิจิตร,น่าน,แม่น้ำน่านตอนล่างส่วนที่ 2
WSTG,รร.บ้านไทรทอง,13.823291,99.28464,จรเข้เผือก,ด่านมะขามเตี้ย,กาญจนบุรี,แม่กลอง,ลำภาชี
WTBT,อบต.วัดโบสถ์,16.95817,100.33734,วัดโบสถ์,วัดโบสถ์,พิษณุโลก,น่าน,แม่น้ำวังทอง
WTCH,อบต.วังท่าช้าง,13.7595005,101.88695,วังท่าช้าง,กบินทร์บุรี,ปราจีนบุรี,บางปะกง,แม่น้ำพระปรงส่วนที่ 2
WTLG,บ่อบำบัด ทม.พิจิตร,16.433205,100.331985,ในเมือง,เมืองพิจิตร,พิจิตร,น่าน,แม่น้ำน่านตอนล่างส่วนที่ 2
WTSG,ทต.วัดสิงห์,15.258331,100.04499,วัดสิงห์,วัดสิงห์,ชัยนาท,ท่าจีน,ที่ราบแม่น้ำท่าจีน
YBKM,อบต.ขัวก่าย,17.602095,103.807076,ขัวก่าย,วานรนิวาส,สกลนคร,โขงตะวันออกเฉียงเหนือ,ห้วยน้ำยาม
YGHM,ทต.ยางฮอม,19.922297,100.30563,ยางฮอม,ขุนตาล,เชียงราย,โขงเหนือ,แม่น้ำอิงตอนล่าง
YOM001,ปง,19.14819,100.27747,ปง,ปง,พะเยา,ยม,แม่น้ำยมตอนบนส่วนที่ 2
YOM003,หนองม่วงไข่,18.265913,100.17704,น้ำรัด,หนองม่วงไข่,แพร่,ยม,แม่น้ำยมตอนกลางส่วนที่ 1
YOM004,เด่นชัย,18.020777,100.058784,เด่นชัย,เด่นชัย,แพร่,ยม,แม่น้ำยมตอนกลางส่วนที่ 2
YOM005,ศรีสัชนาลัย,17.517122,99.75878,หาดเสี้ยว,ศรีสัชนาลัย,สุโขทัย,ยม,แม่น้ำยมตอนล่างส่วนที่ 2
YOM006,สวรรคโลก,17.201874,99.86391,ท่าทอง,สวรรคโลก,สุโขทัย,ยม,แม่น้ำยมตอนล่างส่วนที่ 2
YOM007,กงไกรลาศ,16.927313,99.95931,กง,กงไกรลาศ,สุโขทัย,ยม,แม่น้ำยมตอนล่างส่วนที่ 4
YOM008,บางระกำ,16.708149,100.1718,บางระกำ,บางระกำ,พิษณุโลก,ยม,แม่น้ำยมตอนล่างส่วนที่ 5
YOM009,โพธิ์ประทับช้าง,16.31077,100.27177,โพธิ์ประทับช้าง,โพธิ์ประทับช้าง,พิจิตร,ยม,แม่น้ำยมตอนล่างส่วนที่ 5
YOM010,เมืองแพร่,18.133642,100.12457,ป่าแมต,เมืองแพร่,แพร่,ยม,แม่น้ำยมตอนกลางส่วนที่ 2
YOM011,งาว,18.760752,99.9726,หลวงใต้,งาว,ลำปาง,ยม,แม่น้ำงาว
YOM012,เมืองสุโขทัย,17.021278,99.81969,ธานี,เมืองสุโขทัย,สุโขทัย,ยม,แม่น้ำยมตอนล่างส่วนที่ 3
